station,latitude,longitude
Warszawa Zachodnia,52.2200627,20.9652859
Warszawa Centralna,52.22876935,21.0033562119648
Warszawa Wschodnia,52.2515735,21.0522983
Warszawa Praga,52.2775271,21.0223526
Warszawa Toruńska,52.2941219,21.0130774
Warszawa Żerań,52.314243,20.9988422
Warszawa Płudy,52.3341174,20.9858307
Warszawa Choszczówka,52.3577057,20.9723613
Legionowo,52.4014565,20.9415879
Legionowo Piaski,52.4126078,20.9427123
Michałów-Reginów,52.422567,20.9627426
Wieliszew,52.4281967,20.9747536
Łódź Kaliska,51.757822,19.4305417
Lublinek,51.7211446,19.3595792
Pabianice,51.6609152,19.325158
Chechło,50.1101447,19.3769792
Dobroń,51.6293733,19.240823
Kolumna,51.6149059,19.195933
Łask,51.6037218,19.1120721
Borszewice,51.6096208,19.0375048
Zduńska Wola,51.6113231,18.9470222
Męcka Wola,51.6090575,18.8465979
Sieradz Męka,51.6151908,18.7765752
Sieradz Warta,51.6030251,18.7303384
Sieradz,51.5977276,18.7141639
Łódź Widzew,51.7631038,19.5438083
Łódź Dąbrowa,51.7358946,19.5106059
Łódź Chojny,51.7264184,19.4841985
Łódź Pabianicka,51.7262047,19.4452626
Łódź Żabieniec,51.7935776,19.4070099
Łódź Radogoszcz Zachód,51.821962,19.4157797
Zgierz,51.8494819,19.4257518
Zgierz Jaracza,51.8637823,19.422434
Zgierz Północ,51.868409,19.382256
Zgierz Kontrewers,51.8648027,19.3404051
Grotniki,51.8871026,19.311066
Chociszew,51.9237991,19.2672301
Kutno,52.2271533,19.3483624
Witonia,52.1568395,19.2766258
Gawrony,51.37852865,17.6980036945891
Łęczyca,52.049237,19.1932523
Sierpów,52.0189258,19.2221665
Ozorków,51.9724976,19.2659238
Ozorków Nowe Miasto,51.9589092,19.2696778
Gdańsk Wrzeszcz,54.3817696,18.6055111
Gdańsk Strzyża,54.3916658,18.5786895
Gdańsk Niedźwiednik,54.3772379,18.5716604
Gdańsk Brętowo,54.3648404,18.5734816
Gdańsk Jasień,54.3536273,18.5499212
Gdańsk Kiełpinek,54.3552769,18.5286813
Gdańsk Matarnia,54.3735728,18.5062044
Gdańsk Port Lotniczy,54.3830506,18.4653338
Gdańsk Rębiechowo,54.387549,18.4461077
Gdańsk Osowa,54.4222198,18.4526329
Gdynia Karwiny,54.4692244,18.5086529
Gdynia Stadion,54.4963407,18.5333059
Gdynia Główna,54.5216208,18.5274712
Warszawa Lotnisko Chopina,52.1696272,20.9752099
Warszawa Służewiec,52.1807488,20.9870352
Warszawa Żwirki i Wigury,52.1933666,20.9804948
Warszawa Rakowiec,52.196818,20.9660609
Warszawa Aleje Jerozolimskie,52.2052108,20.9421165
Działdowo,53.2379827,20.1677473
Krasnołąka,53.2721765,20.2316102
Zakrzów-Sarnowo,53.2825701,20.2832706
Kozłowo,52.61638,22.74909
Nidzica,53.3573178,20.4140417
Dobrzyń,53.4364718,20.3845711
Bujaki,53.4680268,20.3749877
Waplewo,53.5111407,20.3560989
Olsztynek,53.5845092,20.2948191
Gryźliny,53.6130297,20.3463272
Stawiguda,53.6490196,20.4062032
Gągławki,53.6802289,20.437258
Bartąg,53.7131819,20.4472968
Olsztyn Zachodni,53.7787258,20.4691011
Olsztyn Główny,53.7856553,20.4972517
Bydgoszcz Główna,53.1352905,17.991601
Bydgoszcz Bielawy,53.1318249,18.0532565
Bydgoszcz Wschód,53.1278962,18.0838582
Solec Kujawski,53.0782444,18.2258941
Przyłubie,53.049687,18.3243107
Cierpice Kąkol,52.9918988,18.4465382
Toruń Kluczyki,52.9900153,18.5783676
Toruń Główny,53.0001014,18.614611
Toruń Miasto,53.0123138,18.6197194
Toruń Wschodni,53.0264709,18.6334589
Gdańsk Główny,54.3564345,18.6441946
Rębiechowo,54.3887311,18.4216153
Pępowo Kartuskie,54.366488,18.4010957
Żukowo Wschodnie,54.3483605,18.3729708
Żukowo,54.3458564,18.3650087
Borkowo,53.3675858,21.9705022
Dzierżążno,54.3152372,18.2640758
Kartuzy,54.3338797,18.2060084
Sopot,54.4400543,18.5623213
Gdańsk Oliwa,54.4098972,18.5718547
Babi Dół,54.3015617,18.2886228
Kiełpino Kartuskie,54.2872777,18.2317041
Somonino,54.2700924,18.1929812
Sławki,54.2574065,18.1763676
Wieżyca,54.1291354,18.175851
Krzeszna,54.2355578,18.0887489
Gołubie Kaszubskie,54.2124619,18.0367211
Skorzewo,54.16702,17.96827
Kościerzyna,54.1206668,17.994624
Szczytno,53.5602427,20.9966326
Grom,53.606319,20.8620492
Pasym,53.6322769,20.7645938
Marcinkowo,52.58911,18.01762
Klewki,53.7366747,20.5680423
Pisz,53.6318052,21.793242
Szeroki Bór,53.6393062,21.673075
Ruciane-Nida,53.6487913,21.5635579
Ruciane-Nida Zachód,53.6422849,21.5228214
Karwica Mazurska,53.6173372,21.4440181
Spychowo,53.591276,21.3550152
Kolonia,54.3991836,18.1119705
Świętajno,53.5635951,21.2315949
Jeruty,53.5526128,21.1540066
Olszyny,49.6496329,21.7919929
Ełk,53.8255962,22.3620002
Ełk Szyba Zachód,53.8023173,22.3703313
Nowa Wieś Ełcka,53.7703195,22.3209777
Bajtkowo,53.7371903,22.2400403
Pogorzel Wielka,53.7071973,22.149859
Drygały,53.6801353,22.1052565
Biała k/Piszu,53.6145797,22.0693244
Kaliszki,53.619084,21.9883565
Stare Guty,53.6151141,21.9204739
Gutkowo,53.7997465,20.400654230051
Bukwałd,53.8683419,20.3797566
Cerkiewnik,53.9091394,20.396697
Swobodna,53.9346223,20.3885
Dobre Miasto,53.9835873,20.3848068
Bzowiec,54.0199042,20.3159442
Rogiedle,54.0379197,20.2827707
Lubomino,54.0649999,20.2335199
Orneta,54.1144082,20.1511868
Henrykowo,53.1040526,23.2947324
Żugienie,54.2593058,20.0880392
Wysoka Braniewska,54.2792486,20.0213058
Jarzębiec,54.3129485,19.9931346
Grodzie,54.3452212,19.9617719
Braniewo,54.3809392,19.8421521
Katowice,50.2576071,19.0171456
Katowice Załęże,50.2638657,18.9895811
Chorzów Batory,50.2784252,18.9446804
Świętochłowice,50.2890329,18.9180451
Ruda Chebzie,50.3039358,18.877762
Ruda Śląska,50.3159466,18.8516619
Zabrze,50.3052986,18.7871281
Gliwice,50.3010936,18.6769406
Legionowo Przystanek,52.4112791,20.9143552
Chotomów,52.4157092,20.8847443
Nowy Dwór Mazowiecki,52.4252729,20.7240617
Modlin,52.4435541,20.7040813
Morąg,53.9190147,19.9224407
Morąg Kolonia,53.9098754,19.9457669
Żabi Róg,53.8764039,20.0176074
Kozia Góra,49.423756,20.3680018
Gamerki Wielkie,53.8449437,20.1385158
Wołowno,53.8172632,20.1981846
Godki,53.8204838,20.2480602
Jonkowo,53.8158491,20.2960504
Elbląg,54.1509826,19.4155509
Komorowo Żuławskie,54.1050027,19.5089879
Bogaczewo,54.1001205,19.5732271
Pasłęk,54.0555905,19.6564508
Nowa Wieś Cierpkie,54.0244943,19.6564458
Zielonka Pasłęcka,53.98088,19.7009758
Małdyty,53.921159,19.7356245
Dobrocin,53.9100343,19.8291421
Piła Główna,53.1429271,16.7445507
Kaczory,54.2080556,21.5883333
Miasteczko Krajeńskie,53.0926241,17.0202274
Białośliwie,53.0977578,17.124527
Krostkowo,53.1078012,17.2075201
Wyrzysk Osiek,53.1190261,17.2926539
Jadwiżyn,53.1239203,17.3718
Anieliny,53.1291227,17.486455
Nakło n/Notecią,53.1386896,17.5998891
Ślesin,53.1560955,17.7003131
Zielonczyn,53.1509902,17.8081558
Pawłówek,52.4352778,18.8436111
Bydgoszcz Osowa Góra,53.1478335,17.9131473
Bydgoszcz Zachód,53.1360746,17.9488566
Jabłonowo Pomorskie,53.3934417,19.1629343
Książki,53.3298313,19.0676631
Wąbrzeźno,53.2652639,18.9819141
Zieleń,53.2165007,18.9306772
Kowalewo Pomorskie,53.1638254,18.8691013
Rychnowo Wielkie,53.1423508,18.8138268
Kamionki Jezioro,53.1298617,18.7798205
Papowo Toruńskie,53.0671354,18.6924238
Ostrowite k/Jabłonowa,53.4340843,19.2684029
Lipinki,51.9575,22.6980556
Biskupiec Pomorski,53.4895178,19.3884568
Jamielnik,53.528709,19.500872
Iława Główna,53.5822318,19.5736739
Rudzienice Suskie,53.6382777,19.6679735
Pikus,53.6564698,19.7376385
Samborowo,53.6716016,19.820371
Ostróda,53.6995755,19.9508577
Lubajny,53.7000427,20.0268634
Stare Jabłonki,53.6911385,20.0934057
Biesal,53.720202,20.1942653
Unieszewo,53.7288063,20.2998124
Naterki,53.7463985,20.3764632
Czersk,53.8007219,17.970593
Będźmierowice,53.7879586,18.0428284
Szlachta,53.2735375,22.9888493
Śliwice,53.7131722,18.1821261
Lipowa Tucholska,53.7535893,18.1090425
Rosochatka,53.7054477,18.1146055
Zarośle,53.3546193,19.3569428
Małe Gacno,53.6098761,18.109487
Zielonka Pomorska,53.5775218,18.1092882
Wierzchucin,53.5481472,18.1128342
Błądzim,53.475901,18.1151063
Lipienica,53.4463692,18.1125203
Świekatowo,53.416662,18.1048841
Lubania-Lipiny,53.3884958,18.0969986
Serock,53.3610452,18.0897326
Wudzyn,53.3229113,18.0758222
Stronno,53.2857228,18.0592242
Maksymilianowo,53.2145607,18.0294586
Rynkowo Wiadukt,53.152055,18.0053934
Skierniewice,51.9672793,20.1502998
Rogów,50.5115672,17.9484691
Koluszki,51.7438515,19.8186183
Łódź Niciarniana,51.766759,19.507428
Łódź Fabryczna,51.7695637,19.4695992
Wierzchucin Stary,53.5571087,18.0911055
Cekcyn,53.576355,18.0275884
Tuchola,53.5835933,17.8606117
Tczew,54.0972478,18.7897812
Inowrocław,52.8051894,18.2439417
Gniezno,52.5296664,17.6032272
Poznań Główny,52.4016269,16.9115788
Zbąszynek,52.2426128,15.8181758
Świebodzin,52.2452509,15.5399619
Rzepin,52.3499173,14.8152866
Frankfurt/Oder,52.3557481,14.5662367
Tychy,50.1357681,18.9641781
Pszczyna,49.9755483,18.9534409
Zebrzydowice,49.8703282,18.6231281
Petrovice u Karvine,inf,inf
Brest Centralny,inf,inf
Terespol,52.0740891,23.6011753
Chojnice,53.6890673,17.5777493
Racławki,53.6682076,17.6539216
Silno,53.6443166,17.6931167
Piastoszyn,53.6209737,17.7298039
Żalno,53.5976719,17.7597697
Ełk Szyba Wschód,53.8011228,22.3728312
Lipińskie Małe,53.7363431,22.3975964
Prostki,53.6951398,22.4317785
Grajewo,53.650103,22.448183
Ruda,50.3137908,18.8529848
Podlasek,53.5579166,22.5350534
Osowiec,53.4711111,19.6958333
Goniądz,53.4593883,22.7263194
Mońki,53.4022547,22.7968231
Czechowizna,53.3511838,22.8368452
Zastocze,53.3123872,22.8574355
Knyszyn,53.2846326,22.8960757
Borsukówka,53.2273271,22.9309509
Dobrzyniewo Duże,53.1943888,23.0028314
Fasty,53.1767248,23.0250427
Białystok Bacieczki,53.1505228,23.0719921
Białystok Starosielce,53.1211871,23.0867818
Białystok,53.1336381,23.1353831
Poznań Strzeszyn,52.4607286,16.8655222
Złotniki,51.136052,16.8916809
Golęczewo,52.535146,16.8279845
Chludowo,52.5603266,16.8252994
Wargowo,52.5842677,16.822766
Oborniki Wielkopolskie Miasto,52.6448645,16.8200615
Oborniki Wielkopolskie,52.6574819,16.8294013
Rożnowo,52.678983,16.8714483
Parkowo,52.7081832,16.9150227
Rogoźno Wielkopolskie,52.7546243,16.9718117
Tarnowo Rogozińskie,52.8032354,16.9753756
Sokołowo Budzyńskie,52.8377563,16.9693932
Budzyń,52.8909489,16.9835951
Ostrówki k/Chodzieży,52.9340659,16.9262693
Chodzież,52.9939332,16.9095423
Milcz,53.0424236,16.8568339
Dziembówko,53.0707704,16.8152757
Piła Kalina,53.1014068,16.7878334
Skarżysko-Kamienna,51.1162307,20.8820924
Skarżysko Zachodnie,51.1004358,20.8595709
Suchedniów Północny,51.0652814,20.8491495
Suchedniów,51.0459574,20.8498258
Berezów,51.0239056,20.8364329
Łączna,52.7761481,15.3957238
Zagnańsk,50.9744474,20.6634975
Tumlin,50.9674921,20.6021805
Kostomłoty,50.9216727,20.6155497
Kielce Piaski,50.8894462,20.6251832
Kielce,50.8745075,20.6181629
Kielce Herbskie,50.8858958,20.6025373
Kielce Ślichowice,50.8888087,20.5838753
Górki Szczukowskie,50.8832288,20.5257594
Piekoszów,50.8709464,20.4464148
Rykoszyn,50.8681394,20.3788417
Wierna Rzeka,50.8641401,20.312838
Małogoszcz,50.8502132,20.272798
Bukowa,53.4312097,14.4860524
Ludynia,50.8518711,20.1626707
Ludynia Dwór,50.8474138,20.1138049
Włoszczowa,50.8377209,20.0149933
Czarnca,50.8237477,19.940274
Żelisławice,50.8038128,19.858556
Koniecpol,50.776388,19.700042
Koniecpol Magdasz,50.7725074,19.6533608
Podlesie,50.6595398,20.7750818
Staropole Częstochowskie,50.7646881,19.5292075
Julianka,50.7646424,19.473262
Lusławice,50.7609112,19.3873195
Turów,50.9947688,17.0675431
Kusięta Nowe,50.7778659,19.261526
Częstochowa Raków,50.7875083,19.1558771
Częstochowa,50.8084337,19.1208041
Żywiec,49.6791207,19.1856696
Pietrzykowice Żywieckie,49.7099014,19.1720786
Łodygowice,49.7251478,19.1413337
Łodygowice Górne,49.7357312,19.1236922
Wilkowice Bystra,49.7600222,19.0882156
Bielsko-Biała Mikuszowice,49.7824241,19.0746034
Bielsko-Biała Leszczyny,49.7970632,19.060798
Bielsko-Biała Lipnik,49.8140102,19.04964
Bielsko-Biała Główna,49.8298605,19.0453155
Bielsko-Biała Północ,49.8415432,19.0415175
Czechowice-Dziedzice Połudn.,inf,inf
Czechowice-Dziedzice Przyst.,inf,inf
Czechowice-Dziedzice,49.9153604,19.0066519
Goczałkowice-Zdrój,49.9357557,18.9766208
Goczałkowice,49.9444165,18.9666496
Piasek,51.1983333,17.3786111
Tychy Żwaków,50.1090002,18.9524797
Katowice Podlesie,50.1829282,18.9603594
Katowice Piotrowice,50.2132506,18.9703037
Katowice Ligota,50.2260023,18.9778134
Katowice Brynów,50.2442199,18.9833941
Opole Główne,50.6616475,17.9272072
Opole Zachodnie,50.6608418,17.8984397
Chróścina Opolska,50.6698523,17.8180588
Dąbrowa Niemodlińska,50.6915682,17.7538812
Przecza,50.7329088,17.6679145
Lewin Brzeski,50.7581502,17.6153236
Łosiów,50.7885326,17.5518411
Brzeg,50.8614882,17.470497
Lipki,53.8254276,18.0886565
Oława,50.9428209,17.295528
Lizawice,50.9722364,17.214442
Zębice Wrocławskie,51.0066077,17.1621466
Święta Katarzyna,51.0295677,17.1231625
Wrocław Brochów,51.0642365,17.0846427
Wrocław Główny,51.0979682,17.0375301
Gdańsk Orunia,54.3243738,18.6346092
Pruszcz Gdański,54.2572262,18.6469773
Pszczółki,54.1745808,18.7016997
Szymankowo,54.0729169,18.926568
Malbork,54.0359714,19.0431501
Mikołajki Pomorskie,53.8508806,19.155868
Prabuty,53.7585393,19.2099719
Susz,53.7110473,19.3298315
Redaki,53.6705312,19.4094223
Ząbrowo,53.6372496,19.4608673867161
Iława Miasto,53.5957407,19.5484913
Trzebnica,51.30413745,17.0634929139515
Brochocin Trzebnicki,51.2761437,17.0941475
Pierwoszów Miłocin,51.2549608,17.0992555
Siedlec Trzebnicki,51.2333452,17.1190136
Pasikurowice,51.2086236,17.1093722
Ramiszów,51.1932039,17.0982931
Wrocław Pawłowice,51.1685976,17.1086569
Wrocław Zakrzów,51.1587445,17.1221927
Wrocław Psie Pole,51.150452,17.1185445
Wrocław Sołtysowice,51.1425214,17.0837168
Wrocław Nadodrze,51.1256579,17.0329905
Wrocław Mikołajów,51.1162965,16.998395
Żyrardów,52.0524718,20.4489753
Wrocław Muchobór,51.1110689,16.9748716
Wrocław Kuźniki,51.1280409,16.9522088
Wrocław Stadion,51.1370304,16.9406255
Wrocław Pracze,51.1696835,16.9035099
Brzezinka Średzka,51.2197167,16.8368026
Czerna Mała,51.2299733,16.8035361
Księginice,51.2422343,16.76381
Brzeg Dolny,51.2668902,16.7249974
Łososiowice,51.2970738,16.6750767
Wołów,51.3335371,16.6332638
Głogów,51.6696063,16.0798664
Krzepów,51.6452175,16.1330313
Grębocice,51.5933575,16.1850327
Rudna Gwizdanów,51.5293314,16.2808668
Rudna Miasto,51.506068,16.2701003
Chełmek Wołowski,51.4560519,16.359486
Ścinawa,51.4092099,16.4214143
Małowice Wołowskie,51.4044231,16.4714106
Orzeszków,51.3938906,16.50824
Gdynia Orłowo,54.4767606,18.5487251
Gdańsk Lipce,54.3023198,18.6354919
Cieplewo,54.2336094,18.6475876
Różyny,54.2114895,18.6621988
Skowarcz,54.1850526,18.6824389
Miłobądz,54.1471244,18.740522
Czarlin,54.0481577,18.7668156
Subkowy,53.9861304,18.7535814
Pelplin,53.9272397,18.7079142
Kulice Tczewskie,53.8795091,18.6904982
Morzeszczyn,53.836734,18.6862241
Majewo,53.8016662,18.679609
Smętowo,53.747959,18.6858934
Siechnice,51.0382566,17.1425417
Zakrzów Kotowice,51.0356657,17.2097717
Czernica Wrocławska,51.0496877,17.2358128
Jelcz Miłoszyce,51.0446756,17.3054061
Jelcz-Laskowice,51.037022,17.3454105
Kopalina,49.8719891,21.8577616
Minkowice Oławskie,51.0118022,17.4570716
Biskupice Oławskie,50.9939882,17.5155391
Wrocław Wojnów,51.1035553,17.157708
Wrocław Swojczyce,51.1157199,17.1214814
Wrocław Kowale,51.1347343,17.1003253
Gdynia Chylonia,54.5457503,18.4636617
Rzeszów Główny,50.0429801,22.0058584
Rzeszów Załęże,50.0585326,22.0693278
Strażów,50.0674241,22.1145204
Krzemienica,50.482026,16.5720583
Łańcut,50.0817497,22.226396
Głuchów,50.6652921,20.9029816
Kosina,50.0835701,22.3228456
Rogóżno k/Łańcuta,50.0835725,22.362513
Grzęska,50.0800374,22.452564
Przeworsk,50.0671607,22.5032323
Pełkinie,50.0477476,22.6117221
Jarosław,50.0104958,22.678605
Munina,49.9903288,22.7185464
Ostrowiecko,52.3838454,15.1684962724739
Radymno,49.939721,22.8283212
Sośnica Jarosławska,49.9015592,22.8515087
Niziny,53.68061,19.78664
Walawa,49.8595235,22.8554249
Żurawica Rozrządowa,49.8324018,22.83728
Żurawica,49.828734,22.8360486
Przemyśl Zasanie,49.7934749,22.7737284
Przemyśl Główny,49.7837223,22.7778447
Piaseczno,52.0747377,21.0270885
Zalesie Górne,52.0267838,21.0415516
Czachówek Południowy,51.95863,21.0813709
Chynów,51.9022161,21.1008041
Warka,51.793082,21.1694472
Dobieszyn,51.6308183,21.1765231
Radom,51.3909217,21.1553821
Wrocław Popowice,51.1273608,17.0014394
Wrocław Różanka,51.1379273,17.0037009
Wrocław Osobowice,51.1670184,16.9966652
Wrocław Świniary,51.1979443,16.9698725
Szewce,51.2147033,16.9553425
Pęgów,51.2471851,16.9271182
Oborniki Śląskie,51.2996135,16.907326
Osola,51.3383564,16.8656288
Skokowa,51.3870459,16.8489048
Żmigród,51.4753329,16.901885
Opole Groszowice,50.6360221,17.9553664
Opole Grotowice,50.609688,17.9760175
Przywory Opolskie,50.5816022,17.9890707
Górażdże,50.5279256,18.0036748
Gogolin,50.493165,18.0186011
Jasiona,50.4588338,18.0757785026359
Zdzieszowice,50.4217225,18.1265296
Raszowa,50.3931219,18.1557226
Kędzierzyn-Koźle,50.3450593,18.2046067
Chmielowice,50.6447826,17.8669866
Komprachcice,50.6316658,17.8211634
Szydłów,50.6060209,17.7054795
Tułowice Niemodlińskie,50.59812945,17.649464670779
Sowin,50.5554824,17.6091002
Łambinowice,50.5374739,17.5650191
Budziszowice,50.5226041,17.5327905
Jasienica Dolna,50.504169,17.5037742
Mańkowice,50.4890834,17.4764642
Kubice,50.4757774,17.4425758
Nysa,50.4776491,17.3419525
Suchy Bór Opolski,50.6572524,18.0368525
Chrząstowice,50.6605705,18.0747575
Dębska Kuźnia,50.6642957,18.1126867
Ozimek,50.6699766,18.2093158
Krasiejów,50.6683375,18.249405
Staniszcze Małe,50.6642913,18.3188287
Fosowskie,50.6605459,18.359882
Kolonowskie,50.6519246,18.3881098
Zawadzkie,50.6065834,18.4801284
Międzylesie,50.1480131,16.6669348
Roztoki Bystrzyckie,50.1876458,16.6657548
Domaszków,50.2131508,16.6552382
Długopole-Zdrój,50.2384136,16.6379329
Bystrzyca Kłodzka Przedmieście,50.2856474,16.6470179
Bystrzyca Kłodzka,50.2968844,16.654958
Gorzanów,50.3543949,16.6409172
Krosnowice Kłodzkie,50.3922109,16.6368292
Kłodzko Miasto,50.4357859,16.6586112
Kłodzko Główne,50.4513332,16.6567711
Ławica,50.4775664,16.6707495
Bardo Śląskie,50.5048571,16.7337841
Bardo Przyłęk,50.509529,16.7580075
Suszka,50.3720718,16.4200108
Kamieniec Ząbkowicki,50.5362227,16.8971943
Starczów,50.5633556,16.9467303
Ziębice,50.6085,17.0338855
Henryków,51.8653472,21.1476469
Biały Kościół,50.7283844,17.0299699
Strzelin,50.7842124,17.0602369
Warkocz,50.8293957,17.0463081
Boreczek,50.8789262,17.02458
Węgry,49.8250644,19.8028387
Żórawina,50.983502,17.049605
Smardzów Wrocławski,51.0306256,17.0661408
Lublin,51.231292,22.5689637
Lublin Północny,51.2422658,22.5995597
Świdnik Miasto,51.2237184,22.6954138
Świdnik Wschód,51.2210444,22.7143765
Minkowice,51.21698,22.765179
Podzamcze,50.8926988,20.4881613
Dominów,51.2123202,22.8435885
Jaszczów,51.2021266,22.9106044
Biskupice,51.99786,16.43196
Trawniki,51.1363715,22.9925855
Wólka Kańska,51.1284122,23.066406
Kanie,51.1246459,23.1040689
Zalesie Krasieńskie,51.1180001,23.1748333
Rejowiec,51.1176992,23.238267
Zagrody Kościół,51.0785319,23.1904113
Żulin,51.0626858,23.1721804
Krasnystaw Fabryczny,51.0244189,23.1827257
Krasnystaw Miasto,50.9850354,23.1829473
Wólka Orłowska,50.9270331,23.1834349
Izbica,50.8905686,23.1554521
Tarzymiechy,50.8545719,23.1220821
Ruskie Piaski,50.8016498,23.0955525
Złojec,50.7686127,23.100927
Zawada,50.8473518,20.786849
Mokre,52.7001411,23.1656507
Zamość,50.7170854,23.2525711
Zamość Starówka,50.7170517,23.2626481
Zamość Wschód,50.7224808,23.2759948
Ostrowiec Świętokrzyski,50.9329872,21.3796571
Boksycka,50.9501439,21.3222443
Kunów,51.0057536,21.2447039
Staw Kunowski,51.0057536,21.2447039
Brody Iłżeckie,51.0214779,21.1997762
Styków Iłżecki,51.0108939,21.1510328
Starachowice Michałów,51.0150024,21.1084629
Starachowice Wschodnie,51.0419091,21.0787913
Starachowice,51.0514407,21.0582509
Wąchock,51.0801746,21.0155671
Marcinków,51.0933365,20.9799991
Skarżysko Kościelne,51.1221462,20.9175191
Nasielsk,52.5728348,20.7679185
Ciechanów,52.883415,20.5912557
Mława,53.1261389,20.3509803
Poznań Garbary,52.4164409,16.9368434
Poznań Wschód,52.418064,16.9710818907806
Ligowiec,52.4347257,17.0354266
Kobylnica,52.4455926,17.0790948
Biskupice Wielkopolskie,52.4671107,17.1702034
Promno,52.4716466,17.2140193
Pobiedziska Letnisko,52.4743448,17.2400726
Pobiedziska,52.4791988,17.277291
Lednogóra,52.4912896,17.3663105
Fałkowo,52.4985123,17.424583
Pierzyska,52.5053327,17.4795472
Opoczno,51.3728922,20.271521
Słomianka,51.4483217,20.1915807
Szadkowice,51.419656,20.1684393
Bratków,50.7837615,21.3297533
Jeleń,53.3281969,23.0030859
Tomaszów Mazowiecki,51.5469372,20.0336231
Skrzynki,50.6755556,21.1286111
Zaosie,51.6335454,19.9335709
Wykno,51.6603913,19.9049124
Słotwiny,50.15793,20.05328
Opoczno Południe,51.3591368,20.232588
Zawiercie,50.481009,19.4231231
Dąbrowa Górnicza,50.3302375,19.1853915
Sosnowiec Główny,50.27895,19.1263859
Rybnik,50.0955793,18.5419933
Wodzisław Śląski,50.0082337,18.4763476
Chałupki,49.9251425,18.3179213
Bohumin,50.0950172,18.2196696
Bohumin Vrbice,inf,inf
Mikołów Jamna,50.1942485,18.9231576
Mikołów,50.1728595,18.8992953
Łaziska Górne,50.1593894,18.8452326
Łaziska Górne Brada,50.1580552,18.8208179
Orzesze,50.1543853,18.7776893
Orzesze Jaśkowice,50.1447994,18.740753
Czerwionka,50.148788,18.6851834
Leszczyny,52.0499668,22.0628789
Rybnik Paruszowiec,50.1027883,18.5656133
Rybnik Towarowy,50.066575,18.5157368
Rybnik Niedobczyce,50.0664565,18.4946596
Rybnik Niewiadom,50.0693711,18.4692579
Rydułtowy,50.0690055,18.4259766
Łuków Śląski,50.100714,18.4091741
Sumina Wieś,50.1218677,18.4105622
Sumina,50.1369801,18.4014853
Górki Śląskie,50.1422541,18.3888565
Szymocice,50.151106,18.3496721
Nędza Wieś,50.1640963,18.307046516387
Nędza,50.15682245,18.2917203926777
Racibórz Markowice,50.1132299,18.270162
Racibórz,50.0903312,18.2263782
Rybnik Rymer,50.0562133,18.4971621
Radlin Obszary,50.0412504,18.4946733
Wodzisław Śląski Radlin,50.0204541,18.4813752
Czyżowice,49.9740476,18.4253931
Bełsznica,49.9728895,18.3732112
Olza,49.9603576,18.3388857
Rudyszwałd,49.9403201,18.3032254
Namysłów,51.0743908,17.717021
Wilków Namysłowski,51.094239,17.6584067
Bierutów,51.1284443,17.5461214
Solniki Wielkie,51.1540102,17.4938316
Oleśnica,50.1691988,20.9359487
Borowa Oleśnicka,51.1841096,17.2760947
Długołęka,51.6791431,17.2093558
Laskowice Pomorskie,53.4910465,18.4559143
Mogilno,52.6585904,17.9461751
Jarocin,51.9686382,17.4941863
Ostrów Wielkopolski,51.6492473,17.8056254
Oleśnica Rataje,51.2165073,17.3646194
Jaworzyna Śląska,50.9124681,16.4288522
Świebodzice,50.8601928,16.3328311
Wałbrzych Miasto,50.7862286,16.2852337
Wałbrzych Główny,50.7433935,16.2806898
Sędzisław,50.8134159,16.0698493
Marciszów,50.8514982,16.0076011
Janowice Wielkie,50.8785015,15.9187624
Jelenia Góra,50.9025882,15.7559869
Gałkówek,51.7298223,19.7318181
Żakowice,51.7321929,19.7910611
Chrusty Nowe,51.6952574,19.794529
Rokiciny,51.6675415,19.7806935
Łaznów,51.6313427,19.7550219
Wolbórka,51.5927825,19.7232675
Baby,51.6025888,17.6713864
Moszczenica,51.50468995,19.6766074619988
Jarosty,51.4623231,19.6932381
Piotrków Trybunalski,51.4104653,19.6846413
Milejów,51.3553017,19.6757032
Rozprza,51.3012771,19.6599099
Luciążanka,51.2772002,19.6481802
Wilkoszewice,51.2519772,19.6307421
Gorzkowice,51.2182938,19.603241
Gorzędów,51.1969912,19.5437765
Kamieńsk,51.1862461,19.4989929
Gomunice,51.1635621,19.4867937
Dobryszyce koło Radomska,51.12434,19.4443479
Radomsko,51.0745339,19.4376128
Bobry,51.0287211,19.4048156
Widzów Teklinów,50.9811704,19.3673427
Jacków,50.9648445,19.3549109
Kłomnice,50.9159863,19.3414573
Rzerzęczyce,50.897353,19.3284143
Rudniki k/Częstochowy,50.8782089,19.2322503
Częstochowa Aniołów,50.8352835,19.1516348
Wągrowiec,52.809638,17.203482
Przysieczyn,52.7536907,17.1839701
Roszkowo Wągrowieckie,52.7087447,17.1762878
Skoki,52.6741893,17.1620475
Sława Wielkopolska,52.6345955,17.1439686
Murowana Goślina,52.5750843,17.0157429
Owińska,52.5114361,16.987596
Czerwonak,52.4686134,16.9798673883354
Poznań Karolin,52.4384218,16.9814064
Poznań Dębiec,52.3681804,16.9010752
Luboń k. Poznania,52.3442196,16.8929038
Wiry,53.4868709,15.1967687
Szreniawa,52.3177927,16.8008044
Trzebaw Rosnówko,52.2964905,16.7671098
Stęszew,52.28139685,16.7108063130512
Strykowo Poznańskie,52.2435265,16.6138361
Granowo Nowotomyskie,52.2255582,16.5308146
Kotowo,54.3376067,17.3485915
Ptaszkowo,53.74488,15.05097
Grąblewo,52.2357789,16.3895919
Grodzisk Wielkopolski,52.2302597,16.3641374
Ruchocice,52.1767964,16.3410397
Drzymałowo,52.1569819,16.2968953
Rakoniewice,52.1387912,16.2653128
Rostarzewo,52.1350298,16.2072226
Tłoki,51.0772222,15.4652778
Wolsztyn,52.1119165,16.1080197
Poznań Górczyn,52.38042905,16.8796951090921
Poznań Junikowo,52.3778621,16.8254704
Palędzie,52.3745525,16.7488907
Dopiewo,52.3537457,16.6779731
Otusz,52.3466915,16.5973943
Buk,52.357408,16.5166799
Wojnowice Wielkopolskie,52.3268949,16.4666369
Opalenica,52.3097374,16.4003069
Sątopy,52.3032956,16.2035186
Nowy Tomyśl,52.3041129,16.1331351
Jastrzębsko,52.2951463,16.0612341
Zbąszyń,52.2594116,15.8947648
Władysławowo,54.7901343,18.4086595
Swarzewo,54.75259,18.3824283
Puck,54.7148824,18.4086265
Żelistrzewo,54.6740522,18.4161202
Mrzezino,54.6530081,18.4130307
Reda Rekowo,54.6319745,18.3636073
Reda,54.59495,18.353264
Rumia,54.5691215,18.3866402
Kielce Białogon,50.8552785,20.5745468
Kielce Słowik,50.8335648,20.5386795
Sitkówka Nowiny,50.8182527,20.5502925
Wolica,52.1191981,20.8594906
Sobków,50.731303,20.4306276
Miąsowa,50.7194055,20.3651331
Jędrzejów,50.6445096,20.2756734
Potok,51.4339997,20.0575453
Krzcięcice,50.587563,20.1406047
Sędziszów,50.5658817,20.0548996
Klimontów,50.525391,20.0301626
Kozłów,51.9294444,21.1341667
Tunel,50.4335314,19.9912127
Dziadówki,50.6081253,20.2511451
Miechów,50.3535965,20.0107404
Kamieńczyce,50.3273492,20.0057484
Szczepanowice,50.301151,20.0246598
Smroków,50.274704,20.0466789
Słomniki,50.2491737,20.0638032
Słomniki Miasto,50.235873,20.0763665
Niedźwiedź,49.9119939,20.6983911
Goszcza,50.1849291,20.0610254
Łuczyce,50.1626093,20.0744995
Baranówka,49.7415663,22.2921821
Zastów,50.1237784,20.0690701
Kraków Batowice,50.1075321,19.9954682
Kraków Główny,50.0686663,19.947802
Twardogóra Sycowska,51.3605368,17.4691712
Kalisz,51.742827,18.0713653
Tłuszcz,52.430439,21.4337187
Małkinia,52.6943171,22.0337964
Czyżew,52.7997796,22.3422765
Szepietowo,52.8700412,22.5410554
Łapy,52.9903414,22.8842468
Węgliniec,51.2901013,15.2229659
Bolesławiec,51.2660854,15.5695874
Chojnów,51.2776726,15.9374714
Legnica,51.2135262,16.1681751
Wrocław Leśnica,51.1419203,16.8673226
Wrocław Nowy Dwór,51.1196824,16.9551819
Łochów,52.5339648,21.6875326
Lubliniec,50.6731838,18.6900333
Rusinowice,50.6493901,18.7625456
Koszęcin,50.6229914,18.8358583
Kalety,50.5636291,18.885746
Miasteczko Śląskie,50.4976156,18.9001919
Tarnowskie Góry,50.4460325,18.8644041
Nakło Śląskie,50.4299172,18.9027965
Radzionków,50.4088286,18.9149136
Radzionków Rojca,50.3961805,18.9003251
Bytom Północny,50.3778163,18.880391
Bytom Karb,50.3517998,18.8820999
Bytom,50.3429791,18.9151611
Chorzów Stary,50.3164554,18.9574773
Chorzów Miasto,50.2986205,18.9498224
Kaliska Kujawskie,52.4119894,19.1239223
Wiktorowo,52.5741667,22.515
Czerniewice,52.5089241,19.0893425
Gołaszewo Kujawskie,52.5467958,19.0911432
Warząchewka,52.5847362,19.0807506
Włocławek,52.6532538,19.0587525
Włocławek Zazamcze,52.6682256,19.0381748
Brzezie,50.419021,16.2188066
Lubanie,52.7430403,18.9242506
Nieszawa Waganiec,52.8031426,18.870059
Turzno Kujawskie,52.8335134,18.7807874
Aleksandrów Kujawski,52.8758646,18.6963912
Otłoczyn,52.9127089,18.6926689
Toruń Czerniewice,52.9746537,18.6741753
Będzin Miasto,50.319188,19.135537
Myszków,50.5743086,19.3288118
Wejherowo,54.6057529,18.2296473
Wejherowo-Nanice,54.6035758,18.2492869
Wejherowo Śmiechowo,54.6019499,18.2756259
Reda Pieleszewo,54.6026799,18.3176103
Rumia Janowo,54.5594888,18.4048267
Gdynia Cisowa,54.5498083,18.4471926
Gdynia Leszczynki,54.5413396,18.4785096
Gdynia Grabówek,54.5343531,18.4958981
Gdynia Stocznia,54.5255488,18.5192576
Gdynia Wzgórze Św.Maksymiliana,54.507619,18.5355881
Gdynia Redłowo,54.4915904,18.5384472
Sopot Kamienny Potok,54.4574485,18.5535284
Sopot Wyścigi,54.4316748,18.5650127
Gdańsk Żabianka - AWFiS,54.4207672,18.5684877
Gdańsk Oliwa SKM,54.4206156,18.5685538
Gdańsk Przymorze-Uniwersytet,54.400702,18.576646
Gdańsk Zaspa,54.3897726,18.591526
Gdańsk Politechnika,54.3741905,18.6274077
Gdańsk Stocznia,54.3646358,18.6417851
Gdańsk Śródmieście,54.3468764,18.6443377
Gościszewo,53.9746756,19.0178587
Sztum,53.9255436,19.0211373
Sztumska Wieś,53.8952116,19.0018012
Ryjewo,53.8433233,18.9568679
Brachlewo,53.8022757,18.9613365
Kwidzyn,53.7304083,18.9333713
Sadlinki,53.6670697,18.8802124
Dziwno,53.6186731,18.901587
Gardeja,53.5919852,18.9325324
Rogóźno Pomorskie,53.5435231,18.9109889
Grudziądz,53.4819767,18.761548
Katowice Zawodzie,50.2572998,19.0574498
Katowice Szopienice Południowe,50.2591111,19.0923983
Będzin,50.3089971,19.1413874
Będzin Ksawera,50.330613,19.1584745
Dąbrowa Górnicza Gołonóg,50.3438881,19.2258553
Dąbrowa Górnicza Ząbkowice,50.3665939,19.2646845
Dąbrowa Górnicza Sikorka,50.3888969,19.2991174
Chruszczobród,50.4003272,19.3290881
Wiesiółka,50.4145805,19.3480871
Łazy,50.4276105,19.3948494
Łopuchowo Osiedle,52.6190438,17.1098552
Łopuchowo,52.6135089,17.0949172
Przebędowo,52.5834446,17.0233939
Zielone Wzgórza,53.1217349,23.1033014
Bolechowo,52.5394334,16.979284
Czerwonak Osiedle,52.4800085,16.9780566
Tychy Zachodnie,50.1211662,18.9788176
Tychy Aleja Bielska,50.1173488,18.982407
Tychy Grota Roweckiego,50.1141742,18.9860689
Tychy Lodowisko,50.1077095,19.0008515
Żagań,51.6037635,15.3154215
Żary,51.6385162,15.1422487
Lubanice,51.6922486,15.1208567
Bieniów,51.7160432,15.1792352
Nowogród Osiedle,51.7950434,15.2255738
Nowogród Bobrzański,51.811999,15.2443727
Bogaczów,51.8437553,15.2673749
Koźla Kożuchowska,51.8719669,15.3183693
Letnica,51.8902923,15.3185624
Buchałów,51.9168204,15.3626979
Zielona Góra,51.9383777,15.5050408
Kraków Zabłocie,50.0481266,19.9574154
Kraków Podgórze,50.0414077,19.9598161
Kraków Łagiewniki,50.0230861,19.9337391
Kraków Sanktuarium,50.0141171,19.9343496
Kraków Swoszowice,50.0003673,19.9281054
Kraków Sidzina,49.9855309,19.8746169
Skawina,49.9773831,19.8231533
Rzozów,49.9456881,19.8043671
Radziszów,49.9177493,19.8091978
Wola Radziszowska,49.9063289,19.7770832
Podolany,49.898213,19.7534202
Leńcze,49.8920511,19.7299491
Przytkowice,49.8965368,19.6799283
Kalwaria Zebrzyd. Lanckorona,inf,inf
Kalwaria Zebrzydowska,49.873761,19.6734399
Barwałd Górny,49.8647452,19.6211072
Barwałd Średni,49.8723086,19.5982549
Klecza Górna,49.8651412,19.5670768
Klecza Dolna,49.8783066,19.534601
Wadowice,49.8853687,19.5016523
Szczecin Główny,53.4182413,14.5494069
Szczecin Dąbie,53.3913468,14.6704623
Stargard,53.339557,15.031126
Chociwel,53.4705758,15.3357866
Runowo Pomorskie,53.5557588,15.5294538
Łobez,53.6366544,15.6277294
Świdwin,53.7811384,15.772721
Białogard,54.0099878,15.9776516
Koszalin,54.1906752,16.1697156
Sławno,54.3629824,16.6789071
Słupsk,54.4675847,17.0171678509061
Lębork,54.5336066,17.7502556
Sochaczew,52.2150468,20.2386642
Łowicz Główny,52.1057274,19.9542513
Strzelce Opolskie,50.5167998,18.3063002
Babimost,52.1684665,15.8152712
Sulechów,52.0926476,15.6185303
Kościan,52.0793329,16.6424793
Leszno,51.845967,16.5654713
Rawicz,51.6092258,16.8393481
Kuźnia Raciborska,50.2005179,18.2984938
Żory,50.0524357,18.7024346
Lubartów,51.4456443,22.6082467
Parczew,51.6262047,22.8716065
Radzyń Podlaski,51.8271136,22.6688263
Łuków,51.9414505,22.3903364
Siedlce,52.1619594,22.2715732
Mińsk Mazowiecki,52.1759715,21.5525422
Częstochowa Stradom,50.7973211,19.1069996
Olesno Śląskie,50.8820722,18.4248341
Kluczbork,50.9710826,18.201009
Byczyna Kluczborska,51.1137155,18.1998832
Kępno,51.2918345,18.0009731
Ostrzeszów,51.4295172,17.9405633
Pleszew,51.8925552,17.7323171
Środa Wielkopolska,52.2183302,17.2741954
Chełm,51.134682,23.4817302
Chełm Miasto,51.1380549,23.458321
Żychlin,52.2131012,19.6188676
Mysłowice,50.2378389,19.1416677
Jaworzno Szczakowa,50.2463215,19.2974195
Trzebinia,50.1540182,19.4531632
Krzeszowice,50.1308972,19.6339658
Suwałki,54.1058765,22.9452519
Augustów,53.8437331,22.9802357
Dąbrowa Białostocka,53.647936,23.3650907
Sokółka,53.4049183,23.4995562
Babiak,52.353535,18.6701836
Inowrocław Rąbinek,52.7693872,18.2431612
Szamotuły,52.6033124,16.5857755274575
Wronki,52.7050142,16.3861827
Krzyż,52.8776425,16.0194221
Dobiegniew,52.9683991,15.7468656
Choszczno,53.1654635,15.4033053
Stalowa Wola Centrum,50.570227,22.0550645
Stalowa Wola Rozwadów,50.5913352,22.0419635
Pilchów,50.6167561,22.0268935
Zaklików,50.7684666,22.1084084
Kraśnik,50.9249236,22.229206
Goleniów,53.5594624,14.839589
Wysoka Kamieńska,53.8258966,14.8320462
Międzyzdroje,53.9242628,14.4550666
Świnoujście,53.9047191,14.2667292
Kraków Płaszów,50.0345327,19.9754459
Bochnia,49.9772876,20.4315085
Brzesko Okocim,49.986778,20.6089461
Tarnów,50.0053772,20.9748532
Dębica,50.0539304,21.4041528
Ropczyce,50.0783583,21.5798601
Sędziszów Małopolski,50.0754413,21.6928596
Kraków Łobzów,50.0819615,19.9179042
Kraków Mydlniki,50.0832289,19.8608258
Kraków Mydlniki Wapiennik,50.091229,19.8444108
Kraków Business Park,50.1056421,19.8235796
Zabierzów,50.1178616,19.7985948
Rudawa,52.8214207,15.8339679
Wola Filipowska,50.1307907,19.5773766
Dulowa,50.1404441,19.5207498
Balin,50.1791788,19.3829346
Jaworzno Ciężkowice,50.2105721,19.3384904
Włoszczowa Północ,50.8563947,19.9460452
Jezierzyce Słupskie,54.5043046,17.1210857
Damnica,54.4980115,17.2700464
Strzyżyno Słupskie,54.4910505,17.3731999
Głuszyno Pomorskie,54.4898704,17.4178174
Potęgowo,54.4851923,17.4856331
Pogorzelice,54.5039354,17.6419604
Leśnice,54.5141212,17.6691043
Lębork Mosty,54.5501329,17.7928596
Godętowo,54.581917,17.8632338
Bożepole Wielkie,54.5688524,17.9677613
Strzebielino Morskie,54.5628928,18.028786
Luzino,54.5669472,18.1025716
Gościcino Wejherowskie,54.60506,18.1610766
Mrozy,52.163992,21.800979
Kaniów,49.93415,19.05034
Dankowice,49.9374329,19.0828247
Jawiszowice Jaźnik,49.9496574,19.1154933
Brzeszcze Jawiszowice,49.9722976,19.1284619
Brzeszcze,49.9958653,19.1548147
Oświęcim,50.0417378,19.1999186
Gorzów Chrzanowski,50.0733405,19.241926
Chełmek Fabryka,50.0995923,19.2543876
Libiąż,50.1131501,19.3262054
Chrzanów,50.1332834,19.3982012
Chrzanów Śródmieście,50.1441705,19.4138465
Garbce,51.5137988,16.8895763
Korzeńsko,51.5446015,16.8722387
Wrocław Grabiszyn,51.0966298,16.9742551
Smolec,51.071488,16.8815989
Kąty Wrocławskie,51.0379927,16.7499748
Mietków,50.9851285,16.6559473
Żarów,50.9394957,16.4927789
Bolesławice Świdnickie,50.8876906,16.4646272
Świdnica Miasto,50.8412151,16.4815065
Wrocław Zachodni,51.0899487,16.949504
Sadowice Wrocławskie,51.0560102,16.8246851
Imbramowice,50.9633658,16.5781401
Wałbrzych Szczawienko,50.8163038,16.3026729
Wałbrzych Fabryczny,50.7613941,16.2670481
Boguszów-Gorce Wschód,50.7480265,16.221964
Boguszów-Gorce,50.7504075,16.2016328
Boguszów-Gorce Zachód,50.7623624,16.1672666
Witków Śląski,50.7941768,16.1273757
Ciechanowice,50.8654732,15.9781775
Trzcińsko,50.8834072,15.8716186
Wojanów,50.8847457,15.8212863
Lisewo,53.2926511,18.6904937
Stogi Malborskie,54.0638355,18.969613
Malbork Kałdowo,54.0468446,19.0247964
Królewo Malborskie,54.0372093,19.1170559
Stare Pole,51.3240347,20.4246763
Fiszewo,54.0676284,19.2490356
Gronowo Elbląskie,54.0899197,19.305877
Bydgoszcz Błonie,53.117942,17.9515566
Trzciniec,51.4952675,22.2902805
Brzoza Bydgoska,53.027281,18.0205697
Chmielniki Bydgoskie,53.0020292,18.0496791
Nowa Wieś Wielka,52.9685059,18.0965381
Złotniki Kujawskie,52.9033525,18.1476452
Jaksice,52.8558723,18.1994668
Kotomierz,53.2843906,18.1208811
Pruszcz Pomorski,53.3341179,18.1985444
Parlin,53.3705998,18.2691021
Terespol Pomorski,53.4095061,18.3513842
Twarda Góra,53.6824769,18.6715195
Warlubie,53.5890777,18.6231618
Skierniewice Rawka,51.9776405,20.2214483
Radziwiłłów Mazowiecki,52.0003323,20.2904767
Jesionka,53.5027397,19.761775
Sucha Żyrardowska,52.0228202,20.3591342
Międzyborów,52.0643118,20.4847597
Jaktorów,52.0865581,20.5513764
Grodzisk Mazowiecki,52.1102652,20.6230892
Nowy Bieruń,50.0729534,19.1855382
Chełm Śląski,50.1093504,19.1838404
Imielin,52.1493,21.0461062
Mysłowice Kosztowy,50.1704988,19.1623303
Mysłowice Brzezinka,50.1971369,19.1545344
Mysłowice Brzęczkowice,50.2135449,19.1470149
Hel,54.6110402,18.8008848
Jurata,54.6849347,18.7134012
Jastarnia,54.7016654,18.6766494
Jastarnia Wczasy,54.7082702,18.6545999
Kuźnica Hel,54.7362391,18.5766364
Chałupy,54.7587099,18.5099321
Władysławowo Port,54.793539,18.4177486
Pludry,50.6647518,18.4700911
Kołobrzeg,54.1821911,15.5708986
Lublin Zadębie,51.2580227,22.6100597
Lublin Ponikwoda,51.266083,22.6059708
Rudnik,50.154389,18.1704578786625
Ciecierzyn,51.3196254,22.6085767
Bystrzyca k/Lublina,51.3484482,22.6376911
Niemce,51.3630005,22.6465021
Wandzin,53.5492081,23.4746183
Lubartów Lipowa,51.4641632,22.5995698
Lubartów Słowackiego,51.4731975,22.6051956
Przylep,51.97699735,15.4386602734679
Łęgowo Sulechowskie,52.13268,15.6754874
Dąbrówka Wielkopolska,52.2754052,15.8034361
Chociszewo Rogoziniec,52.3070359,15.770190307317
Lutol Suchy,52.3435631,15.7545427
Panowice,52.360696,15.7347892
Bukowiec Międzyrzecki,52.3854159,15.7058356
Międzyrzecz,52.4452123,15.5932373
Głębokie Międzyrzeckie,52.4846477,15.5341736
Popowo Skwierzyńskie,52.5359379,15.522155
Skwierzyna,52.59062875,15.4999069860349
Trzebiszewo,52.6255076,15.4053477
Brzozowiec Gorzowski,52.6533028,15.3674766
Deszczno,52.6718164,15.306868
Gorzów Wielkopolski Karnin,52.689099,15.2809699
Gorzów Wielkopolski Zieleniec,52.6997604,15.2616242
Gorzów Wielkopolski Zamoście,52.722647,15.2390596
Gorzów Wielkopolski,52.7276579,15.2287189
Czerwieńsk,52.0151544,15.4124967
Radziechowy Wieprz,49.6473213,19.1639249
Cięcina Dolna,49.6213618,19.1519794
Cięcina,49.6095775,19.1362147
Węgierska Górka,49.603627,19.1188449
Cisiec,49.5835029,19.1055386
Milówka,49.5550153,19.0935492
Milówka Zabawa,49.5400451,19.1027864
Rajcza,49.5171209,19.1122173
Rajcza Centrum,49.5067379,19.1002788
Rycerka,49.4988473,19.0818761
Sól,49.4946374,19.0507018
Sól Kiczora,49.5171635,19.0313147
Laliki,49.5229293,19.0049877
Zwardoń,49.5043198,18.97742
Pałecznica,51.4903854,22.6589533
Tarło,51.5092031,22.6971274
Brzeźnica Bychawska,51.5276911,22.7410099
Zabiele,52.8492454,22.4801054
Gródek,49.629283,21.0160618
Parczew Kolejowa,51.6345824,22.8810021
Mieszków,52.0231581,17.4405874
Chocicza,52.0702477,17.3495687
Solec Wielkopolski,52.1097422,17.3195972
Sulęcinek,52.1386953,17.3088147
Pierzchno,52.2632115,17.1576521
Kórnik,52.2818185,17.1039338
Gądki,52.3019627,17.0455008
Poznań Krzesiny,52.3416936,16.9755398022654
Poznań Starołęka,52.3659881,16.9347833583123
Poznań Dębina,52.3734621,16.9106138
Biniew,51.738947,17.7924013
Bronów,51.7945185,17.7743041
Taczanów,51.8409612,17.7561366
Kotlin,51.9145932,17.6490484
Witaszyce,51.9359813,17.5630178
Nowa Sól,51.7989604,15.7087987
Niedoradz,51.8654598,15.6643151
Stary Kisielin,51.9335941,15.5825943
Jaśkowice Legnickie,51.2151033,16.3141192
Szczedrzykowice,51.2151503,16.35038
Malczyce,51.2156931,16.4860716
Przedmoście Święte,51.190497,16.6646025
Miękinia,51.1882529,16.7395994
Mrozów,51.1836569,16.7939469
Wrocław Żerniki,51.1261582,16.9163642
Zagajnik,50.4883333,16.6552778
Zebrzydowa,51.2546842,15.3891682
Tomaszów Bolesławiecki,51.2860811,15.6800731
Okmiany,51.2709452,15.7786078
Osetnica,51.2618175,15.8473351
Miłkowice,51.2555649,16.0546142
Jezierzany,51.2356667,16.0976222
Lubań Śląski,51.1113578,15.2935413
Gierałtów,51.1920636,15.2998556
Gierałtów Wykroty,51.2168129,15.2845742
Szczecinek,53.6938225,16.7055139
Jastrowie,53.408285,16.7984767
Poznań Antoninek,52.409561,17.0284965
Swarzędz,52.4042271,17.0740709
Paczkowo,52.397001,17.1582163
Kostrzyn Wielkopolski,52.3932322,17.2246954
Gułtowy,52.3681003,17.3166527
Podstolice,52.3416194,17.4809553
Września,52.3269181,17.5552546
Tarnobrzeg,50.5678165,21.6961934
Nowa Dęba,50.4158839,21.7399051
Kolbuszowa,50.2454136,21.7850466
Pyskowice,50.3838426,18.6190932
Sucha Beskidzka Zamek,49.7432767,19.6035431
Maków Podhalański,49.7269257,19.6768811
Chabówka,49.5970595,19.9372835
Nowy Targ,49.4818229,20.030541
Poronin,49.3432232,20.0035237
Zakopane,49.2969446,19.950659
Opole Gosławice,50.6738038,17.9878418
Kotórz Mały,50.7292408,18.036282
Osowiec Przystanek,50.7530133,18.043366
Jełowa,50.7936418,18.0466026
Kały,50.8272242,18.0805553
Laskowice Oleskie,50.8561474,18.0948182
Tuły,50.8744585,18.1000389
Bukowo,54.19744,20.75296
Borkowice,50.9322172,18.1558943
Mleczewo,53.9147231,19.1231396
Medyka,49.8046066,22.9461348
Medyka Rozrządowa,49.794127,22.9102598
Medyka Towarowa,49.786179,22.8839262
Hurko,49.7851816,22.8629134
Małomice,51.5496863,15.4469427
Leszno Górne,51.4668621,15.6160725
Wierzbowa Śląska,51.3969165,15.7588544
Modła,54.2018138,16.8530255
Rokitki,50.7133333,17.1263889
Chocznia,49.8739345,19.4516199
Chocznia Górna,49.8625599,19.4320468
Inwałd,49.8530866,19.3878883
Andrychów,49.8557919,19.3533583
Andrychów Górnica,49.858467,19.323956
Bulowice,49.8762084,19.2898141
Zamek Bulowicki,49.880075,19.263448
Kęty,49.880666,19.2267688
Kęty Podlesie,49.8781651,19.1968354
Kozy Zagroda,49.857579,19.1644572
Kozy,49.8462862,19.145175
Krzemionki,49.6334586,21.5621055
Bielsko-Biała Wschód,49.8346579,19.0585768
Miłocin,50.0756228,21.9872147
Zaczernie,50.0953908,21.9794148
Rogoźnica koło Rzeszowa,50.1168561,21.9688852
Głogów Małopolski,50.1473563,21.9596092
Budy Głogowskie,50.1682088,21.9181767
Widełka,50.2015766,21.8728898
Zarębki,49.7314324,20.5580468
Cmolas,50.2939181,21.7520265
Komorów Podmurynia,50.3495411,21.7330802
Majdan Królewski Podlasek,50.3631497,21.736895
Majdan Królewski,50.3789379,21.7252267
Huta Komorowska,50.389214,21.7158052
Dęba Rozalin,50.4287456,21.7432149
Tarnowska Wola,50.4515952,21.7357423
Jadachy,50.4829135,21.6962596
Cygany,50.6338608,22.5697089
Chmielów Zagumnie,50.5233395,21.6858232
Sobów,50.5922673,21.7356718
Grębów,50.6051506,21.8392825
Zbydniów,50.6345402,21.9213683
Turbia,50.6177994,21.972637
Kępa,53.60060095,16.0277659681222
Lipa,49.6470911,22.0445233
Potok Kraśnicki,50.7964418,22.1632222
Rzeczyca,51.5986259,20.2970666
Rzeczyca-Kolonia,50.8398501,22.2712669
Polichna Kraśnicka,50.8309101,22.3059117
Szastarka,50.853323,22.3318351
Sulów,50.9052053,22.333216
Pułankowice,50.9590837,22.306388
Wilkołaz,50.986117,22.3294289
Wilkołaz Wieś,51.0070183,22.3359988
Leśniczówka,51.2508333,21.4577778
Niedrzwica Kościelna,51.0816466,22.3616267
Niedrzwica,51.1141172,22.3767592
Majdan,49.4999184,20.5019055
Krężnica Jara,51.1531044,22.466334
Lublin Zemborzyce,51.1715012,22.5028874
Stalowa Wola Południe,50.5446835,22.0791521
Stalowa Wola,50.5623219,22.061035
Łęgajny,53.821203,20.6176464
Barczewo,53.84446425,20.6999594215378
Wipsowo,53.8948552,20.7968301
Czerwonka,52.4033016,22.0151966
Górowo,53.9601001,20.9843268
Sątopy-Samulewo,54.0729232,21.024195
Łankiejmy,54.1424186,21.0696009
Korsze,54.1723169,21.1368803
Tołkiny,54.1173781,21.2356383
Linkowo,54.0905415,21.2655243
Nowy Młyn,54.0660806,21.3270517
Kętrzyn,54.0724948,21.3862371
Martiany,54.0266164,21.5167989
Sterławki Wielkie,54.0151049,21.5749245
Sterławki Małe,54.0117257,21.6464753
Niegocin,54.019612,21.7374663
Giżycko,54.0312055,21.778565
Siedliska,52.3443391,18.5792935
Wydminy,53.9766736,22.0328308
Stare Juchy,53.9249845,22.1692139
Woszczele,53.8599751,22.2487002
Bytom Odrzański,51.7262563,15.8219381
Czerna,49.7161526,19.5473867
Brzeg Głogowski,51.6909555,15.9184746
Wróblin Głogowski,51.686569,15.9546575
Głogów Huta,51.6752121,15.9925675
Czekanów,51.6852685,17.8597457
Ociąż,51.7021605,17.9344696
Nowe Skalmierzyce,51.7080628,17.9979123
Kalisz Szczypiorno,51.72593615,18.027269161855
Kalisz Winiary,51.7334923,18.1413193
Opatówek,51.7433692,18.2274685
Radliczyce,51.7232501,18.3500218
Skalmierz,51.6972854,18.4302591
Błaszki,51.673683,18.471086
Sędzice,51.6288941,18.5700068
Szymbory,52.8924322,22.6046366
Jabłoń Kościelna,52.9084279,22.6507455
Racibory,52.9290158,22.7099944
Zdrody Nowe,52.9541569,22.7825137
Łapy Osse,52.9741084,22.8401985
Uhowo,53.0039049,22.9081454
Bojary,53.0277081,22.9497808
Baciuty,53.0469938,22.9834305
Trypucie,53.0708294,23.0249055
Niewodnica,53.0825979,23.0457628
Klepacze,53.1030051,23.0809097
Białystok Wiadukt,53.1108631,23.0948712
Mysłaków,52.0925426,20.0164076
Bednary,52.1055142,20.0647391
Jasionna Łowicka,52.1246035,20.1236412
Kęszyce,52.1382426,20.1479978
Leonów,51.3791667,19.4055556
Kornelin,52.1831505,20.206215
Teresin Niepokalanów,52.2022073,20.4163976
Błonie,52.1946065,20.6169694
Ożarów Mazowiecki,52.2074095,20.7964405
Wałcz,53.2751323,16.4843035
Tuczno Krajeńskie,53.2189455,16.1749576
Kalisz Pomorski,53.2776993,15.8808748
Recz Pomorski,53.2706459,15.5614283
Siódmak,53.524534,20.9715815
Szymany Lotnisko,53.4888854,20.9474684
Kuźnica Białostocka,53.5119984,23.6424065
Czuprynowo,53.4722358,23.63164
Kundzin,53.4395034,23.5908239
Geniusze,53.3804316,23.422691
Rozedranka,53.3590109,23.365454
Machnacz,53.3314851,23.3179722
Czarna Białostocka,53.305864,23.2798443
Wólka Ratowiecka,53.2791475,23.2431713
Czarny Blok,53.2492124,23.2093638
Wasilków,53.1978735,23.1767524
Łódź Arturówek,51.8156043,19.4564529
Łódź Marysin,51.8002541,19.485845
Łódź Stoki,51.7765631,19.5105621
Dąbrowice Skierniewickie,51.9333953,20.1023804
Maków,52.865678,21.101224
Płyćwia,51.9175621,20.0034335
Lipce Reymontowskie,51.9053693,19.9449381
Krosnowa,51.8621405,19.9229343
Przyłęk Duży,51.8420502,19.9179749
Wągry,51.7899087,19.8483785
Justynów,51.7309126,19.6835961
Bedoń,51.7318578,19.6422842
Szklarska Poręba Górna,50.8326565,15.5187155
Szklarska Poręba Średnia,50.8384681,15.5399788
Szklarska Poręba Dolna,50.8483578,15.5569553
Piechowice,50.8517025,15.5914852
Jelenia Góra Sobieszów,50.8517865,15.6454058
Jelenia Góra Cieplice,50.8700554,15.688485
Jankowo Dolne,52.5387292,17.7191769
Trzemeszno,52.5698918,17.8181429
Wydartowo,52.611927,17.9049411
Kobylec,52.848327,17.2007394
Grylewo,52.8878506,17.2278312
Laskownica,52.9159077,17.2509606
Gołańcz,52.9473026,17.3051677
Szydłowiec,51.2079964,20.9234453
Międzyrzec Podlaski,51.9759905,22.7858401
Biała Podlaska,52.0202612,23.1308918
Chotyłów,51.9968452,23.3559392
Małaszewicze Przystanek,inf,inf
Kostrzyn,52.3932322,17.2246954
Mieszkowice,52.7819484,14.4857574
Chojna,52.9633511,14.4443258
Gryfino,53.2541187,14.4929615
Warszawa Ursus Północny,52.2056482,20.8898404
Warszawa Gołąbki,52.2084204,20.8642041
Płochocin,52.2000567,20.7019919
Witanów,52.1859428,20.5741079
Boża Wola,50.9227381,22.459618
Seroki,52.196476,20.4675803
Piasecznica,51.5509982,20.0095383
Radom Południowy,51.3494829,21.1010966
Rożki,49.1890102,22.3336665
Ruda Wielka,51.3025036,21.0440906
Wola Lipieniecka,51.2770626,21.0265696
Jastrząb,51.2488147,20.9845611
Gąsawy Plebańskie,51.2318078,20.9473313
Lipowe Pole,51.1552437,20.9010905
Płock,52.5527316,19.7126913
Łąck,52.4871005,19.59597
Gostynin,52.4334171,19.4761741
Strzelce Kujawskie,52.3229076,19.3688835
Boguchwała,49.9842936,21.9345302
Rzeszów Zwięczyca,50.0059262,21.957168
Rzeszów Osiedle,50.0225878,21.9777599
Rzeszów Staroniwa,50.038491,21.9897333
Ustroń Polana,49.6963793,18.830266
Ustroń Zdrój,49.7205013,18.8167182
Ustroń,49.7279816,18.8018957
Goleszów,49.7468819,18.7492874
Skoczów,49.7933457,18.7899365
Chybie Mnich,49.8876141,18.820988
Zabrzeg,49.9076132,18.9387433
Smardzew,51.8709777,19.4675576
Glinnik Wieś,51.882588,19.4816134
Glinnik,51.9945998,19.6620592
Swędów,51.9060821,19.5406448
Stryków,51.9105816,19.5934226
Bratoszewice,51.9385673,19.652811
Głowno,52.418064,16.9710818907806
Kamień Łowicki,51.9887525,19.7531063
Domaniewice Centrum,52.0118913,19.7919217
Domaniewice,52.02057,19.8210551
Grudze,52.0486681,19.9017095
Łowicz Przedmieście,52.093053,19.9466922
Zabrzeg Czarnolesie,49.9047224,18.9042438
Zaborze,53.80344,16.13922
Pierściec,49.8305843,18.8134059
Skoczów Bładnice,49.7721313,18.7791496
Góra Kalwaria,51.9892374,21.1929293
Czachówek Wschodni,51.9734724,21.104208
Ustanówek,51.9958834,21.0605428
Nowa Iwiczna,52.0912946,20.9952674
Warszawa Jeziorki,52.1103173,20.993232
Warszawa Dawidy,52.1285647,20.9911752
Warszawa Okęcie,52.1665988,20.9873695
Kołodziejewo,52.7127227,18.03497
Janikowo,52.7486913,18.1161464
Nietkowice,52.0581763,15.3497134
Będów,52.0731691,15.3118622
Radnica,52.0898898,15.2696446
Bytnica,52.1314973,15.147861
Budachów,52.1532232,15.0812268
Pliszka,52.2583159,15.1867127
Gądków Wielki,52.2464777,14.9631756
Jerzmanice Lubuskie,52.3069239,14.8670554
Drzeńsko,52.3634444,14.776338
Kowalów,52.3974515,14.7597177
Radów,52.4318892,14.7424121
Laski Lubuskie,52.4597354,14.7127738
Górzyca,52.4928154,14.6514668
Ługi Górzyckie,52.5165848,14.6509005
Namyślin,52.6778092,14.5707442
Boleszkowice,52.7371784,14.5184728
Bielin,54.155633,20.9556691
Witnica Chojeńska,52.866148,14.4511483
Godków,52.901331,14.4585631
Lisie Pole,53.0222489,14.4506264
Krzywin Gryfiński,53.0881553,14.4538519
Widuchowa,53.1236648,14.4461228
Pacholęta,53.1712205,14.4714457
Dolna Odra,53.2113111,14.4809594
Czepino,53.2848048,14.5124797
Daleszewo Gryfińskie,53.3062847,14.5290783
Szczecin Podjuchy,53.3605502,14.5865928
Szczecin Port Centralny,53.4128741,14.5663608
Podborsko,53.9340303,16.1388005
Tychowo,53.92148,16.235068
Wielanowo,53.8738317,16.3264092
Grzmiąca,51.1602778,16.305
Iwin,53.7950743,16.5154723
Przeradz,53.7702435,16.5370751
Dalęcino,53.7478774,16.6084745
Szczecinek Chyże,53.7184371,16.696577
Turowo Pomorskie,53.6472607,16.7231701
Lotyń,53.5999291,16.7801356
Brokęcino,53.5624314,16.8176763
Okonek,53.5201758,16.8305415
Ptusza,53.364651,16.7840208
Płytnica,53.2949779,16.7506089
Stara Łubianka,53.2319275,16.7053692
Stramnica,54.1548959,15.6501165
Dygowo,54.1407071,15.7267013
Jazy,54.1292396,15.7899664
Wrzosowo,54.1143108,15.8377641
Daszewo,54.0773349,15.8747856
Karlino,54.0452944,15.8833233
Dunowo,54.1218364,16.0912585
Nosówko,54.0925264,16.0523135
Kościernica,54.0537661,16.0103931
Dąbrowa Oleśnicka,51.2300777,17.3689153
Dobroszyce,51.2705063,17.3637981
Grabowno Wielkie,51.3435797,17.4033684
Bukowina Sycowska,51.3881948,17.5833094
Międzybórz Sycowski,51.4008723,17.6535823
Pawłów Wielkopolski,51.4219035,17.6549163
Sośnie Ostrowskie,51.4713831,17.6390497
Granowiec,51.5117214,17.6454653
Garki,51.5405477,17.6487675
Odolanów,51.5746807,17.6681734771111
Tarchały Wielkie,51.5871297,17.7019041
Topola-Osiedle,51.61286,17.76192
Kłodzko Książek,50.4158644,16.6399738
Kłodzko Zagórze,50.4150864,16.6146384
Stary Wielisław,50.4051826,16.5762696
Polanica-Zdrój,50.397589,16.5144061
Szczytna,50.4083659,16.4497865
Duszniki-Zdrój,50.4090324,16.3858127
Kulin Kłodzki,50.4193723,16.3254909
Lewin Kłodzki,50.4055371,16.2746913
Kudowa-Zdrój,50.4298044,16.2440979
Lichkov,inf,inf
Wola Rzędzińska,50.0352195,21.0723679
Wałki,50.0509075,21.1434733
Czarna Tarnowska,50.0605236,21.2490091
Grabiny,52.6263256,21.7808783
Dębica Wschodnia,50.0624594,21.4489028
Lubzina,50.0722455,21.5293798
Ropczyce Witkowice,50.0772522,21.6282313
Będziemyśl,50.0665645,21.7739017
Trzciana,50.0784357,21.8393614
Świlcza,50.0780844,21.9015429
Rudna Wielka,50.0811344,21.9414971
Horyniec-Zdrój,50.1943976,23.3568578
Basznia,50.1786086,23.2490526
Basznia Dolna,50.1899476,23.2072411
Lubaczów,50.1658122,23.1257623
Oleszyce,50.1571126,23.0366672
Nowa Grobla,50.0887949,22.9935856
Korzenica,50.0558936,22.9368593
Zagrody,49.8195569,19.7930123
Bobrówka,49.7513545,18.637202
Surochów,50.0126317,22.7688743
Kraków Prokocim,50.0265465,19.9988858
Kraków Bieżanów,50.0216944,20.0292567
Kokotów,50.0178259,20.0698506
Węgrzce Wielkie,50.0187082,20.1056482
Podłęże,49.9752524,19.5911288
Staniątki,50.0106432,20.2073862
Szarów,50.0095164,20.256743
Kłaj,50.0017642,20.3014264
Stanisławice,49.9916622,20.3557439
Cikowice,49.9849217,20.3806565
Rzezawa,49.9847881,20.5151604
Jasień Brzeski,49.9870188,20.5581519
Sterkowiec,49.9939482,20.6793729
Biadoliny,50.0037878,20.73508
Bogumiłowice,50.0075114,20.872677
Tarnów Mościce,50.0064478,20.9257848
Kłokowa,49.9620192,20.9643175
Łowczówek Pleśna,49.9279064,20.9495946
Łowczów,49.9127372,21.0035532
Tuchów,49.8920631,21.0563042
Lubaszowa,49.8653699,21.0371231
Siedliska k/Tuchowa,49.8605481,21.0193363
Chojnik,49.8508561,20.9834796
Gromnik,49.8343308,20.9611921
Bogoniowice Ciężkowice,49.7984243,20.9765428
Pławna,49.7550126,20.9509554
Bobowa,49.7167724,20.9576528
Bobowa-Miasto,49.7081911,20.9391125
Jankowa,50.878182,20.5258516
Wilczyska,49.675964,20.9436809
Stróże,49.6548458,20.9761298
Grybów,49.6259905,20.957127
Ptaszkowa,49.6033821,20.8816083
Mszalnica,49.592876,20.8286281
Kamionka Wielka,49.5780239,20.7814241
Nowy Sącz Jamnica,49.5874811,20.7432764
Nowy Sącz,49.6065321,20.7026731
Piwniczna,49.4406366,20.7142313
Piwniczna-Zdrój,49.440639,20.7173704
Młodów,49.4692246,20.6951456
Rytro,49.4863481,20.6802285
Barcice,49.5265531,20.6486496
Stary Sącz,49.5596814,20.6433212
Krynica-Zdrój,49.4096311,20.9571479
Powroźnik,49.3681641,20.9397752
Muszyna Zdrój,49.3579957,20.8967067
Muszyna,49.3456458,20.8933507
Milik,49.3457874,20.8504139
Andrzejówka,51.17316205,15.5214101266973
Żegiestów-Zdrój,49.3627503,20.8039259
Żegiestów,49.3675633,20.7852637
Zubrzyk,49.3874875,20.7538922
Wierchomla Wielka,49.4024395,20.7556115
Łomnica-Zdrój,49.4190605,20.7250445
Czeremcha,52.5187507,23.3535138
Kleszczele,52.5609014,23.3290332
Suchowolce,52.6169728,23.2838814
Gregorowce,52.6624977,23.2416156
Podbiele,52.6916695,23.2105063
Lewki,52.7299416,23.2115089
Bielsk Podlaski,52.7613758,23.1881475
Rajsk,52.8288523,23.1487136
Strabla,52.9016254,23.1134776
Zimnochy,52.9547624,23.0854215
Hołówki Duże,52.9713971,23.0952687
Lewickie,53.0283438,23.1248903
Białystok Stadion,53.0981431,23.1291772
Sandomierz,50.6602949,21.7652498
Nisko,50.5142737,22.1403337
Rudnik n/Sanem,50.4447917,22.2438721
Nowa Sarzyna,50.3202373,22.3483908
Leżajsk,50.2638262,22.4199891
Jelenia Góra Zachodnia,50.9005971,15.719455
Jelenia Góra Orle,50.8639918,15.6573613
Piechowice Dolne,50.8503917,15.6168746
Górzyniec,50.8600483,15.5681957
Krzyżowa,50.3335667,16.6986523
Mościsko Dzierżoniowskie,50.7721117,16.5801951
Dzierżoniów Śląski,50.7241293,16.6410499
Mockava,inf,inf
Trakiszki,54.2394528,23.2080095
Płociczno k/Suwałk,54.0383328,22.9488043
Szczepki,53.9668791,22.9845356
Blizna,53.9063923,23.0150485
Augustów Port,53.8623686,23.0039
Balinka,53.7681387,23.1606603
Jastrzębna,53.7461007,23.1978874
Ostrowie Biebrzańskie,53.7196003,23.2440694
Kamienna Nowa,53.6915744,23.2626411
Różanystok,53.6230313,23.3924441
Sidra,53.5444745,23.4486629
Racewo,53.4974481,23.4846636
Gliniszcze,53.4658825,23.5011292
Kochanowice,50.6991259,18.7479576
Lisów,54.0611393,19.5613868
Herby Stare,50.7472976,18.8809378
Blachownia,50.7736113,18.9686386
Częstochowa Gnaszyn,50.7914768,19.0287623
Żarki-Letnisko,50.6231062,19.273055
Poraj,50.6769408,19.2191754
Chybie,49.892758,18.809291
Żakowice Południowe,51.729869,19.7878613
Gręboszów,51.0654514,17.7997779
Domaszowice,51.0486497,17.883251
Wierzbica Górna,51.0222216,17.9756766
Wołczyn,51.0134476,18.047335
Smardy,50.9922429,18.1443157
Bąków,52.2350478,20.0091577
Stare Olesno,50.9155315,18.3749548
Sowczyce,50.8458958,18.5016698
Sieraków Śląski,50.798823,18.5936025
Ciasna,52.1397222,18.9877778
Zawadówka,51.1241097,23.3550312
Korwinów,50.7385932,19.1766292
Masłońskie Natalin,50.6511303,19.2532255
Myszków Nowa Wieś,50.5948454,19.2915692
Myszków Światowit,50.5656043,19.3597361
Myszków Mrzygłód,50.5435953,19.3773011
Zawiercie Borowe Pole,50.5107956,19.3990335
Myśliczyn,50.527027,17.3326541
Pakosławice,50.5451495,17.3534119
Skoroszyce,50.5941246,17.3757008
Chróścina Nyska,50.6157068,17.3781388
Stary Grodków,50.6502148,17.3777093
Grodków Śląski,50.6972723,17.3764964
Lipowa Śląska,50.7368728,17.426968
Czeska Wieś,50.7580923,17.4596191
Olszanka,49.7314904,22.6490772
Bierawa,50.2938511,18.2566097
Kędzierzyn-Koźle Azoty,50.3108071,18.2394934
Grodno,53.971116,14.5450287
Gliwice Łabędy,50.34030505,18.6226251521308
Gliwice Kuźnica,50.3567421,18.621353
Paczyna,50.4122216,18.5719614
Toszek,50.4417146,18.5132578
Ligota Toszecka,50.4563015,18.463947
Kotulin,50.4688106,18.4359196
Błotnica Strzelecka,50.4844577,18.4026962
Szymiszów,50.5282522,18.2244774
Kamień Śląski,50.5511594,18.1241601
Tarnów Opolski,50.5720426,18.0778285
Rzeczyce Śląskie,50.3565904,18.5679489
Taciszów,50.3579867,18.5078476
Rudziniec Gliwicki,50.3666307,18.4042187
Sławięcice,50.3513782,18.3138179
Krotoszyn,51.7015736,17.4260894
Bożacin,51.7323969,17.4338793
Wolenice,51.7734511,17.4380072
Koźmin Wielkopolski,51.8319671,17.4437518
Obra Stara,51.8872906,17.4492919
Golina,52.24276,18.09534
Ustronie Morskie,54.2005031,15.7492213
Wieruszów Miasto,51.2990887,18.16573
Wieluń,51.2234144,18.5826211
Świnoujście Port,53.9011399,14.260033
Świnoujście Warszów,53.9003419,14.2852827
Świnoujście Przytór,53.8974316,14.3368342
Lubiewo,53.9156801,14.4153554
Warnowo,53.9283411,14.5352393
Ładzin,53.9111124,14.5624754
Mokrzyca Wielka,53.8744379,14.5804285
Wolin Pomorski,53.8487048,14.6095971
Recław,53.8452804,14.6435034
Troszyn,53.8442602,14.7189353
Parłówko,53.8457076,14.74919
Rokita,52.0007425,20.2281176
Łoźnica,53.6901937,14.8661902
Białuń,53.6152375,14.8410252
Kliniska,53.4608622,14.7840205
Szczecin Załom,53.42965615,14.7443376329815
Szczecin Zdroje,53.3788244,14.636904
Szczecin Zdunowo,53.382833,14.765703072654
Reptowo,53.3724541,14.8633287
Miedwiecko,53.3646785,14.9248989
Grzędzice Stargardzkie,53.3581937,14.9732273
Witkowo Pyrzyckie,53.2863394,15.0752313
Strzebielewo Pyrzyckie,53.2611915,15.1093605
Kolin,53.2457182,15.1232835
Morzyca,53.2191221,15.1545231
Dolice,53.1988317,15.2102961
Ziemomyśl,53.1668713,15.3033693
Stary Klukom,53.1320303,15.4549265
Słonice,53.0907283,15.5184841
Rębusz,53.0531047,15.5919467
Bierzwnik,53.0244383,15.6577018
Mierzęcin Strzelecki,52.9493839,15.832722
Podlesiec,52.9362891,15.877874
Drawiny,52.8971315,15.9493576
Drawski Młyn,52.8599861,16.0940099095119
Miały,52.8092598,16.1759279
Mokrz,52.7410152,16.2783425
Pęckowo,52.6638468,16.4894548
Baborówko,52.5826869,16.6270989
Pamiątkowo,52.5536795,16.685036
Rokietnica,52.5103217,16.7421238
Kiekrz,52.47582275,16.7897222510128
Poznań Wola,52.4341533,16.8494550506164
Stronie,49.9475868,19.9546405
Stryszów,49.8255815,19.62187
Zembrzyce,49.7749692,19.5914722
Juszczyn,49.7068364,19.6919498
Kojszówka,49.6901551,19.7229804
Osielec,49.6749774,19.755781
Bystra Podhalańska,49.6589124,19.7869805
Jordanów,49.6376556,19.8328607
Skawa,49.6308442,19.8795231
Skawa Środkowa,49.6125553,19.9004584
Rabka-Zdrój,49.6093501,19.9518717
Rokiciny Podhalańskie,49.5786558,19.90588
Raba Wyżna,49.5657148,19.8818289
Sieniawa,49.5389829,19.9225368
Pyzówka,49.5210151,19.960482
Lasek,50.9221134,21.8447502
Szaflary,49.4403437,20.0171168
Szaflary Wieś,49.4233997,20.0190341
Biały Dunajec,49.3762155,20.0071846
Sucha Beskidzka,49.7406266,19.5807161
Janków Przygodzki,51.608891,17.8097258
Przygodzice,51.5699571,17.8299969
Antonin,51.6169523,17.2357721
Niedźwiedź Wielkopolski,51.485947,17.8837268
Domanin,51.3443616,17.995327
Rytel Wieś,53.7605284,17.7731967
Łąg,53.8308739,18.0625766
Czarna Woda,50.9151413,16.7209515
Kaliska,53.75108,17.80377
Zblewo,53.942522,18.3049143
Pinczyn,53.962373,18.3487417
Piesienice,53.9650096,18.3956491
Starogard Gdański,53.977148,18.5257736
Swarożyn,54.0380451,18.6561771
Piotrków Kujawski,52.5377739,18.5194706
Kłodawa,52.2574519,18.911206
Lublin AIRPORT,51.2346476,22.7155146
Bojanowo,51.700011,16.7449933
Kaczkowo,51.7434925,16.6796875
Rydzyna,51.7705467,16.647247
Lipno Nowe,51.9199406,16.5707496
Górka Duchowna,51.9542157,16.5769051
Stare Bojanowo,51.9967177,16.5851257
Przysieka Stara,52.036247,16.6043406
Oborzyska Stare,52.111136,16.7026094
Czempiń,52.1393919,16.7530804
Iłowiec,50.9763192,18.2232003
Drużyna Poznańska,52.2100916,16.8236827
Mosina,52.2395809,16.8509514
Puszczykowo,52.2959107,16.8712853
Gorzów Wielkopolski Wschodni,52.7318467,15.2492525
Strzelce Krajeńskie Wschód,52.8366823,15.5843095
Nowe Drezdenko,52.8537959,15.8339506
Trzcianka,53.0417582,16.4610993
Lasów,51.2251921,15.0350975
Zgorzelec Miasto,51.1548002,15.0201231
Zgorzelec,51.1401724,15.0030407
Goerlitz,49.6634514,21.1625883
Halinów,52.2257824,21.353011
Cegłów,52.148409,21.735989
Kotuń,52.176237,22.0676778
Siedlce Zachodnie,52.1735208,22.235487
Rutkowice,52.3614625,19.1590995
Ostrowy,53.7825055,17.7801926
Drogomyśl,49.886916,18.758581
Pruchna,49.8787706,18.6883636
Kończyce,50.1358534,20.0370633
Kaczyce,49.8320901,18.6102284
Pogwizdów,51.7993887,18.5440394
Cieszyn Marklowice,49.7846361,18.6039924
Cieszyn,49.7512979,18.6362398
Krynka Łukowska,52.0066666,22.3757764
Radomyśl,52.0311909,22.3810282
Dziewule,52.0550305,22.38614
Borki-Kosy,52.0890113,22.3583652
Kosiorki,52.1071086,22.3360033
Białki Siedleckie,52.1286792,22.3093689
Siedlce Wschodnie,52.1443602,22.2978312
Janówek,53.68418,23.04947
Pomiechówek,52.4733144,20.7433537
Brody Warszawskie,52.51374,20.748048
Studzianki Nowe,52.538246,20.7514773
Gdakowo,53.8166083,19.1701731
Dąbrówka Malborska,53.9777617,19.0870244
Gronajny,53.9921143,19.0527101
Forst Lausitz,inf,inf
Kunowice,52.3418192,14.6390664
Słubice,52.3358395,14.5947386
Lipka Krajeńska,53.4973139,17.2573362
Złotów,53.3588889,17.0529701
Krajenka,53.2890825,16.9915365
Górki Noteckie,52.7932889,15.4884964
Sarbiewo,52.8189618,15.5451274
Stare Kurowo,52.8544195,15.6776753
Stare Bielice,52.8534477,15.9217831
Rurka,53.4944337,14.7961572
Głuchołazy Miasto,50.3168044,17.3898751
Głuchołazy,50.3301598,17.3944233
Nowy Świętów,50.3776729,17.3695627
Borucice,50.9819348,17.55677
Rogalice,50.9634035,17.5979943
Mąkoszyce,50.939555,17.6310588
Tarnowiec Brzeski,50.9138886,17.6522238
Karłowice,51.1340734,17.0367145
Popielów,50.8295577,17.7624114
Chróścice,50.7927523,17.8168074
Dobrzeń Wielki,50.7720221,17.8594832
Borki Opolskie,50.7425203,17.8821606
Czarnowąsy,50.7164289,17.9031749
Opole Wschodnie,50.6743766,17.9345119
Charsznica,50.3961754,19.9406053
Gajówka,53.4501654,19.7408083698485
Jeżówka,50.3662488,22.1678703
Wolbrom,50.3759508,19.7723377
Zarzecze,51.2034403,23.4767525
Chrząstowice Olkuskie,50.343165,19.6850887
Jaroszowiec Olkuski,50.3422847,19.6218089
Olkusz,50.2742791,19.5714418
Bukowno,50.2639287,19.4588894
Bukowno Przymiarki,50.275379,19.4090502
Sławków,50.295652,19.3734054
Dąbrowa Górnicza Wschodnia,50.3033895,19.3108178
Dąbrowa Górnicza Strzemieszyce,50.3111471,19.2677376
Sosnowiec Kazimierz,50.2881604,19.2317124
Sosnowiec Porąbka,50.2720968,19.2162721
Sosnowiec Dańdówka,50.2654342,19.1731545
Sosnowiec Południowy,50.2697299,19.1253609
Czachówek Górny,51.9680872,21.0774851
Więcławice,52.8408943,18.3041624
Wierzchosławice,52.8682418,18.3583548
Gniewkowo,52.8882375,18.4038779
Suchatówka,52.9105502,18.4809446
Koło,52.2019866,18.6359912
Konin,52.2313798,18.2522836
Brodnica,53.263514,19.4056187
Najmowo,53.3067585,19.3217942
Konojady,53.3493985,19.2276595
Bursztynowo,53.4014,19.0700007
Linowo,53.4111962,19.0331456
Boguszewo,53.4220218,19.0007446
Mełno,53.4366524,18.9481492
Nicwałd,53.4598165,18.8796794
Grudziądz Przedmieście,53.4742372,18.7488745
Grudziądz Mniszek,53.433415,18.7254506
Wałdowo Szlacheckie,53.3878924,18.7227819
Gorzuchowo Chełmińskie,53.3507359,18.693451
Kornatowo,53.2965038,18.6471971
Firlus,53.2696586,18.6295832
Wrocławki,53.2404504,18.6098285
Chełmża,53.1852091,18.5978982
Głuchowo,53.2020799,18.5437121
Nawra,53.2032024,18.4848945
Grzybno,51.4588889,16.2236111
Unisław Pomorski,53.2061787,18.3826938
Gzin,53.192096,18.3319144
Dąbrowa Chełmińska,53.1752542,18.2819661
Ostromecko,53.1438519,18.2145142
Bydgoszcz Fordon,53.1464952,18.1578364
Bydgoszcz Akademia,53.1408643,18.1376313
Bydgoszcz Brdyujście,53.1334401,18.1109012
Psary,51.9283715,19.1065752
Stalowa Wola Rozwadów Towarowa,inf,inf
Jeleśnia,49.652422,19.3209664
Zasieki,51.7356531,14.6687869
Tuplice,51.671637,14.837212
Tuplice Dębinka,51.6661973,14.9100943
Lipinki Łużyckie,51.6490721,15.0089979
Sieniawa Żarska,51.6366015,15.0622663
Biłgoraj,50.5515661,22.7328489
Tereszpol Biłgorajski,50.5744066,22.8853448
Zwierzyniec,50.6120993,22.970394
Szczebrzeszyn,50.6705575,22.9727626
Werbkowice,50.7455326,23.7676522
Hrubieszów Miasto,50.7971297,23.9089671
Gdańsk Stadion Expo,54.3874945,18.6331429
Stary Węgliniec,51.3076212,15.1951737
Jagodzin,51.3558757,15.1702685
Ruszów,51.401063,15.1766348
Iłowa Żagańska,51.5020342,15.1886324
Konin Żagański,51.5460652,15.1914521
Jankowa Żagańska,51.5673263,15.1808642
Żary Kunice,51.5993421,15.1656871
Sierpc,52.8478622,19.653921
Podwierzbie,52.8647385,19.5791119
Koziołek,51.3155556,18.6719444
Czermno,52.8634782,19.4253674
Skępe,52.8721039,19.3418757
Karnkowo,52.8669407,19.2642796
Lipno,52.8473901,19.1792654
Konotopie,52.8698548,19.1028757
Ograszka,52.9058091,19.0261155
Czernikowo,52.9394669,18.9510378
Obrowo,52.9682531,18.8826924
Dobrzejewice,52.9991518,18.8217961
Lubicz,50.988464,19.9435751
Grębocin,53.0457514,18.690724
Gdynia Cisowa Postojowa,54.5531746,18.4278648
Wisła Obłaziec,49.6774733,18.8483545
Wisła Uzdrowisko,49.658645,18.8544783
Wisła Dziechcinka,49.6474214,18.865627
Wisła Kopydło,49.6350047,18.8696177
Wisła Głębce,49.6216894,18.8760729
Lachowice Centrum,49.7120591,19.4727811
Hucisko,50.4018346,19.5881021
Horka,inf,inf
Przemyśl Bakończyce,49.7780516,22.7952727
Warszawa Grochów,52.2467066,21.0846367
Strzyżyna,51.6941769,21.1726869
Ostrówek Węgrowski,52.5599218,21.7515533
Topór,52.5845746,21.811978
Sadowne Węgrowskie,52.6076266,21.8629815
Prostyń,52.6592661,21.9610673
Warszawa Ochota,52.2257629,20.990552
Warszawa Śródmieście,52.2293788,21.0075878
Warszawa Powiśle,52.2337064,21.0281295
Warszawa Stadion,52.244745,21.0439777
Warszawa Rembertów,52.2571084,21.158478
Warszawa Wesoła,52.2540879,21.2242009
Warszawa Wola Grzybowska,52.2528154,21.250949
Sulejówek,52.2477432,21.2771058
Sulejówek Miłosna,52.2406751,21.2986498
Cisie,52.7616667,21.6111111
Dębe Wielkie,52.1992136,21.4227855
Nowe Dębe Wielkie,52.1933721,21.4402024
Wrzosów,51.9375004,21.7204805
Mińsk Mazowiecki Anielina,52.1677637,21.5856954
Barcząca,52.1568311,21.6262166
Mienia,52.1509728,21.667472
Grodziszcze Mazowieckie,52.1608742,21.872457
Sosnowe,52.175894,21.9406414
Koszewnica,52.1691158,21.9868298
Sabinka,52.1731502,22.1726362
Warszawa Olszynka Grochowska,52.2497745,21.1068857
Warszawa Gocławek,52.2371411,21.1354095
Warszawa Wawer,52.22348,21.1494647
Warszawa Anin,52.212993,21.1599414
Warszawa Międzylesie,52.2039216,21.168978
Warszawa Radość,52.1857228,21.1871497
Warszawa Miedzeszyn,52.1726622,21.2002174
Warszawa Falenica,52.1620483,21.2106772
Michalin,50.8666667,21.8888889
Józefów,52.1361065,21.234551
Świder,52.1210036,21.2516158
Otwock,52.10957,21.2631488
Śródborów,52.1010903,21.2961227
Pogorzel Warszawska,52.0970429,21.3357469
Stara Wieś,52.2270922,19.9832179
Celestynów,52.0588572,21.3919445
Kołbiel,52.0405396,21.4335182
Chrosna,52.0338726,21.4459118
Zabieżki,52.0093929,21.4779007
Augustówka,51.7452245,19.5485708
Pilawa,51.9595452,21.5271524
Sułkowice,51.926294,21.0925201
Krężel,51.8730623,21.1107991
Michalczew,51.8449274,21.1204268
Gośniewice,51.817822,21.137972
Grabów n/Pilicą,51.73253,21.25946
Kruszyna,51.5714928,22.2425319
Wola Bierwiecka,51.5437032,21.1774669
Bartodzieje,51.5248551,21.1781806
Lesiów,51.4776532,21.1945453
Warszawa Mokry Ług,52.2772783,21.1704615
Zielonka Bankowa,52.2914516,21.1540209
Zielonka,52.3114582,21.1568511
Kobyłka Ossów,52.3270648,21.1926707
Kobyłka,52.3387086,21.1965315
Wołomin,52.3461992,21.2373654
Wołomin Słoneczna,52.3546431,21.2564425
Zagościniec,52.3715409,21.2705897
Dobczyn,52.3788971,21.3131866
Klembów,52.3959996,21.3531087
Jasienica Mazowiecka,52.4156243,21.3986912
Borowiki,52.4821208,23.2154482
Nowy Nurzec,52.4725867,23.1768754
Nurzec,52.4600632,23.082982
Sycze,52.4292252,22.9984259
Siemiatycze,52.3907565,22.9447195
Fronołów,52.3608339,22.9291019
Sarnaki,52.3251147,22.8794989
Platerów,52.3011455,22.8211226
Patków,52.2708765,22.7455061
Niemojki,52.2585487,22.7009345
Cierpigórz,52.2260596,22.5947786
Mordy Miasto,52.2032576,22.5209943
Mordy,52.1959092,22.4969377
Krzymosze,52.17797,22.439213
Stok Lacki,52.1621067,22.3882599
Ostrołęka,53.0561608,21.6171129
Gierwaty,52.9926109,21.6039595
Goworowo,52.9211002,21.5819091
Pasieki,49.3319772,22.2156373
Prabuty Góry,52.8064085,21.5699499
Przetycz,52.7690624,21.5511326
Zygmuntowo Mazowieckie,52.7275437,21.5257061
Dalekie,52.6824772,21.4943369
Leszczydół,52.6463276,21.4694902
Wyszków,52.601731,21.4466076
Rybienko,52.582341,21.4582231
Lucynów,52.5532136,21.4593107
Mostówka,52.5190722,21.4420693
Grzegorzewo,52.485503,21.4287473
Jarzębia Łąka,52.4578005,21.4476564
Kraków Bonarka,50.0293189,19.9462275
Gdynia Postojowa,54.5531746,18.4278648
Kuriany,53.086723,23.2548918
Zajezierce,53.1013553,23.3581187
Warszawa Czyste Wcz1,inf,inf
Kraków Krzemionki,50.0999412,20.1771734
Okrąglica,50.8291814,20.4741963
Warszawa Gdańska,52.2590164,20.9919642
Warszawa Zoo,52.2635233,21.0178245
Jasło,49.7374629,21.4703978
Biecz,49.7328492,21.2638564
Gorlice Zagórzany,49.6941177,21.1954305
Gdańsk Południowy,54.41007855,18.5983609
Czech.Dziedz.Płd,inf,inf
Stryszawa,49.7332443,19.5249072
Lachowice,49.7234461,19.5035978
Kurów Suski,49.7079172,19.4337308
Pewel Wielka,49.6692577,19.3801414
Pewel Wielka Centrum,49.6606244,19.3524706
Pewel Mała,49.666895,19.279116
Żywiec Sporysz,49.6763068,19.222331
Kraków Prokocim Prb,inf,inf
Gryfów Śląski,51.0339789,15.4289759
Olszyna Lubańska,51.06969,15.3806451
Warszawa Grochów Grc,inf,inf
Kraków Olsza,50.078432,19.9627088
Kraków Przedmieście,50.0848216,19.9498431
Doboszowice,50.5073254,16.9426903
Paczków,50.4784247,17.0110551
Otmuchów Jezioro,50.4815878,17.1089827
Otmuchów,50.4741317,17.1525631
Wójcice,50.4684068,17.2208479
Goświnowice,50.4785204,17.2571721
Mezimesti,50.6626629,16.3358091
Mieroszów,50.6693093,16.1933497
Unisław Śląski,50.7110555,16.2242304
Ćmielów,50.8879059,21.5289389
Jakubowice,51.0801695,20.0924188
Dwikozy,50.732059,21.7910903
Bełżec,50.3768989,23.4495326
Bełżec Drugi,50.3807697,23.4036669
Maziły,50.4050595,23.3146337
Susiec,50.4160165,23.2271695
Nowiny,51.0124299,22.9690508
Długi Kąt,50.4824342,23.1020525
Józefów Roztoczański,50.5184096,23.0396111
Klemensów,50.6978668,23.0387828
Wólka Niedzieliska,50.7087532,23.087002
Łeba,54.7559677,17.5534151
Waliły,53.1081538,23.6511505
Sokole Białostockie,53.0831738,23.514845
Żednia,53.0880383,23.4732183
Białystok Fabryczny,53.140097,23.1844031
Włoszakowice,51.9334168,16.3724651
Krasnystaw,50.9736097,23.1847872
Tychy Miasto,50.1357681,18.9641781
Lubycza Królewska,50.3397838,23.5300758
Hrebenne,50.298362,23.5760934
Siedliska Tomaszowskie,50.2615995,23.5543712
Werchrata,50.2480592,23.4881908
Dziewięcierz,50.2178297,23.4328187
Wielowieś,51.5996379,18.0871944
Studzianka,49.8551266,19.9012956
Dąbrowa Górnicza Pogoria,50.3506353,19.2410955
Cierpice,52.988795,18.4693092
Wolin,53.8487048,14.6095971
Nowogard,53.6662947,15.1210508
Płoty,53.8082446,15.2613164
Gryfice,53.9149422,15.1917473
Trzebiatów,54.0603936,15.2774397
Zduńska Wola Karsznice,51.5890163,18.9947256
Jasło Fabryczne,49.7462827,21.5112733
Szebnie,49.7561087,21.6155847
Wojaszówka,49.7763119,21.6591111
Przybówka,49.7987893,21.6474489
Frysztak,49.8315538,21.6181809
Wiśniowa,50.3030556,16.5480556
Kalembina,49.8692377,21.6853476
Markuszowa,49.8740403,21.7056871
Dobrzechów,49.8728585,21.7436593
Strzyżów n/Wisłokiem,49.8692459,21.8019518
Zaborów,52.26224,20.67964
Zaborów Błonia,49.9244146,21.8194229
Czudec,49.9403101,21.8333148
Babica Kolonia,49.9335994,21.8688976
Babica,54.2014254,19.4411124
Wisłoczanka,49.9517831,21.91484
Ustka,54.578885,16.8609002
Mława Miasto,53.1081341,20.3644444
Karsin,53.8965264,17.9311551
Bąk,53.9442456,18.0264321
Olpuch,54.0106722,18.0217035
Podleś,54.0777718,18.0041456
Rytel,53.7482309,17.7251246
Steknica,54.7149487,17.5821081
Wrzeście,54.6783998,17.6680863
Lędziechowo,54.6452295,17.6816288
Garczegorze,54.5893072,17.7030569
Nowa Wieś Lęborska,54.5583786,17.7216768
Lębork Nowy Świat,54.5454345,17.7344576
Komańcza,49.3389488,22.0724508
Komańcza Letnisko,49.3462792,22.0806184
Rzepedź,49.371741,22.1120516
Szczawne Kulaszne,49.4072176,22.1429552
Wysoczany,49.4358565,22.1513909
Mokre Małopolskie,49.4474945,22.1675486
Morochów,49.4621143,22.1868924
Czaszyn,49.4590111,22.2195724
Tarnawa Dolna,49.4797425,22.2599737
Zagórz,49.5136571,22.2645083
Nowy Zagórz,49.5211711,22.2591372
Sanok,49.5527732,22.2114867
Sanok Miasto,49.5559375,22.1985854
Sanok Dąbrówka,49.5690608,22.1594931
Nowosielce,49.562383,22.0856166
Długie,52.4108333,19.2188889
Zarszyn,49.5841665,22.0195565
Besko,49.5905498,21.9562237
Milcza,49.6055945,21.9027115
Wróblik Szlachecki,49.613564,21.8784325
Widacz,49.6325134,21.8465675
Targowiska,49.6495249,21.8218508
Krosno Miasto,49.6826204,21.773001
Krosno,49.6938071,21.7651511
Krosno Polanka,49.7019564,21.7222349
Krosno Turaszówka,49.7092574,21.6983204
Jedlicze,49.7190286,21.647978
Jedlicze Męcinka,49.726138,21.6260304
Tarnowiec,50.7237448,16.8006021
Gliniczek,49.7369997,21.538517
Ostaszewo Toruńskie,53.1056656,18.6272263
Toporów,51.9827778,19.7619444
Karolinówka,51.1898648,23.5506604
Ruda-Huta,51.2357998,23.5929545
Ruda-Opalin,51.2478861,23.6010979
Uhrusk Przystanek,51.2959642,23.6189318
Uhrusk,51.3196303,23.6193062
Majdan Stuleński,51.3552532,23.6065281
Stulno,51.3762933,23.6121983
Sobibór,51.4441652,23.5970787
Okuninka Białe,51.4916168,23.5898748
Włodawa,51.5161997,23.5858108
Busko-Zdrój,50.4619429,20.6853416
Medzilaborce,inf,inf
Medzilaborce Mesto,inf,inf
Łupków,49.2472345,22.059131
Nowy Łupków,49.2524172,22.0829553
Osławica,49.2784017,22.0741374
Łubiana,54.1148169,17.8666071
Lipusz,54.0967518,17.7803879
Dziemiany Kaszubskie,54.0114862,17.7752547
Lubnia,53.9356093,17.7423135
Brusy,53.8823039,17.7279754
Męcikał,53.832299,17.671152
Zakrzewo Złotowskie,53.4164126,17.1407908
Wędrzyn,52.4483431,15.1981797
Konin Zachód,52.2368188,18.2221149
Kawnice,52.249843,18.1509343
Spławie,52.2577115,18.0910722
Cienin Kościelny,52.2700504,18.0096163
Cienin,52.272545,17.9661231
Słupca,52.2874158,17.8520524
Strzałkowo,52.3106824,17.8058597
Wólka,49.8966298,22.4227442
Otoczna,52.3253308,17.6915145
Gutowo Wielkopolskie,52.3324062,17.6438574
Nieszawka,52.65914,17.00263
Orzesze Miasto,50.141711,18.7751066
Łaziska Średnie,50.130042,18.8678439
Pszczew,52.4792371,15.7783386
Ciechanów Przemysłowy,52.8636124,20.6165293
Gołotczyzna,52.7847453,20.6816774
Gąsocin,52.738925,20.7202193
Kałęczyn,53.2304681,22.2304918
Świercze,50.6022107,19.6114693
Jackowo Dworskie,52.6456569,20.7792488
Kątne,52.6081345,20.7631005
Narzym,53.1876951,20.2584192
Iłowo,53.1649882,20.2942109
Wyszyny,53.0608442,20.3923199
Stupsk Mazowiecki,53.0217161,20.4334201
Konopki,52.9956441,20.4606912
Krośnice Mazowieckie,52.9676399,20.4910729
Czeruchy,52.9367345,20.505317
Spała,51.5523781,20.1352843
Policko,50.9443012,16.6211794
Szprotawa,51.5697842,15.5425757
Krak.Prb Gt. Odjazd.,inf,inf
Kraków Podgórze P2,50.0407969,19.958844150943
Olpuch Wdzydze,54.0283529,18.0175013
Kramsk,52.2451849,18.4766921
Budki Nowe,52.2444263,18.5634546
Barłogi,52.2158883,18.7678751
Turzynów,52.2304703,19.0258668
Krzewie,52.2354639,19.166831
Nowe Kutnowskie,52.2377483,19.226612
Włocławek Brzezie,52.6963658,18.9647868
Warszawa Praga WPT J,inf,inf
Przysieki,49.7329826,21.3938577
Skołyszyn,49.7451133,21.3392586
Siepietnica,49.754506,21.296874
Libusza,49.7119495,21.2409946
Gorlice Glinik,49.6722264,21.1738655
Gorlice,49.6634514,21.1625883
Pruszków,52.1626141,20.8080199
Piastów,52.1855923,20.8478232080481
Warszawa Ursus Niedźwiadek,52.1913242,20.8696007
Warszawa Ursus,52.1964444,20.8853672
Warszawa Włochy,52.206229,20.9150217
Zwierzyniec Towarowy,50.594714,22.9958814
Twardogóra,51.3605368,17.4691712
Opole Chmielowice,50.6447826,17.8669866
Opole Borki,50.7425203,17.8821606
Opole Czarnowąsy,50.7164289,17.9031749
Guben,51.9509817,14.7272814
Gubin,51.9509817,14.7272814
Krosno Odrzańskie,52.03191,15.0939173
Szczecin Gumieńce,53.3978154,14.4947427
Czarne,53.68353,16.94221
Bińcze,53.6601247,17.1293836
Człuchów,53.6574941,17.3710182
Kraków Prokocim PRD GT P-Tranz,inf,inf
Hanulin,51.3046999,17.9931001
Szczecin Pogodno,53.4431552,14.5057625
Wiekowo,54.3042749,16.3881209
Sycewice,54.4146613,16.8501003
Milanówek,52.1249469,20.667668
Brwinów,52.1415984,20.718095
Parzniew,52.1564582,20.7631405
Garwolin,51.9010998,21.5539926
Szczecin Wstowo,53.39203645,14.5220583439174
